Omeka Item #,DataScribe Item #,DataScribe Record #,DataScribe Record Position,Year,is_missing,is_illegible,Week,is_missing,is_illegible,UniqueID,is_missing,is_illegible,Start Day,is_missing,is_illegible,Start Month,is_missing,is_illegible,End Day,is_missing,is_illegible,End month,is_missing,is_illegible,St Alban Woodstreet - Buried,is_missing,is_illegible,St Alban Woodstreet - Plague,is_missing,is_illegible,Alhallows Barking - Buried,is_missing,is_illegible,Alhallows Barking - Plague,is_missing,is_illegible,Alhallows Breadstreet - Buried,is_missing,is_illegible,Alhallows Breadstreet - Plague,is_missing,is_illegible,Alhallows Great - Buried,is_missing,is_illegible,Alhallows Great - Plague,is_missing,is_illegible,Alhallows Honylane - Buried,is_missing,is_illegible,Alhallows Honylane - Plague,is_missing,is_illegible,Alhallows Lesse - Buried,is_missing,is_illegible,Alhallows Lesse - Plague,is_missing,is_illegible,Alhallows Lumbardstreet - Buried,is_missing,is_illegible,Alhallows Lumbardstreet - Plague,is_missing,is_illegible,Alhallows Stayning - Buried,is_missing,is_illegible,Alhallows Stayning - Plague,is_missing,is_illegible,Alhallows the Wall - Buried,is_missing,is_illegible,Alhallows the Wall - Plague,is_missing,is_illegible,St Alphage - Buried,is_missing,is_illegible,St Alphage - Plague,is_missing,is_illegible,St Andrew Hubbard - Buried,is_missing,is_illegible,St Andrew Hubbard - Plague,is_missing,is_illegible,St Andrew Undershaft - Buried,is_missing,is_illegible,St Andrew Undershaft - Plague,is_missing,is_illegible,St Andrew Wardrobe - Buried,is_missing,is_illegible,St Andrew Wardrobe - Plague,is_missing,is_illegible,St Ann Aldersgate - Buried,is_missing,is_illegible,St Ann Aldersgate - Plague,is_missing,is_illegible,St Ann Blackfryers - Buried,is_missing,is_illegible,St Ann Blackfryers - Plague,is_missing,is_illegible,St Antholins Parish - Buried,is_missing,is_illegible,St Antholins Parish - Plague,is_missing,is_illegible,St Austins Parish - Buried,is_missing,is_illegible,St Austins Parish - Plague,is_missing,is_illegible,St Bartholomew Exchange - Buried,is_missing,is_illegible,St Bartholomew Exchange - Plague,is_missing,is_illegible,St Bennet Fynck - Buried,is_missing,is_illegible,St Bennet Fynck - Plague,is_missing,is_illegible,St Bennet Gracechurch - Buried,is_missing,is_illegible,St Bennet Gracechurch - Plague,is_missing,is_illegible,St Bennet Paulswharf - Buried,is_missing,is_illegible,St Bennet Paulswharf - Plague,is_missing,is_illegible,St Bennet Sherehog - Buried,is_missing,is_illegible,St Bennet Sherehog - Plague,is_missing,is_illegible,St Botolph Billingsgate - Buried,is_missing,is_illegible,St Botolph Billingsgate - Plague,is_missing,is_illegible,Christ Church - Buried,is_missing,is_illegible,Christ Church - Plague,is_missing,is_illegible,St Christophers - Buried,is_missing,is_illegible,St Christophers - Plague,is_missing,is_illegible,St Clement Eastcheap - Buried,is_missing,is_illegible,St Clement Eastcheap - Plague,is_missing,is_illegible,St Dionis Backchurch - Buried,is_missing,is_illegible,St Dionis Backchurch - Plague,is_missing,is_illegible,St Dunstan East - Buried,is_missing,is_illegible,St Dunstan East - Plague,is_missing,is_illegible,St Edmund Lumbardstr. - Buried,is_missing,is_illegible,St Edmund Lumbardstr. - Plague,is_missing,is_illegible,St Ethelborough - Buried,is_missing,is_illegible,St Ethelborough - Plague,is_missing,is_illegible,St Faith - Buried,is_missing,is_illegible,St Faith - Plague,is_missing,is_illegible,St Foster - Buried,is_missing,is_illegible,St Foster - Plague,is_missing,is_illegible,St Gabriel Fenchurch - Buried,is_missing,is_illegible,St Gabriel Fenchurch - Plague,is_missing,is_illegible,St George Botolphlane - Buried,is_missing,is_illegible,St George Botolphlane - Plague,is_missing,is_illegible,St Gregory by St Pauls - Buried,is_missing,is_illegible,St Gregory by St Pauls - Plague,is_missing,is_illegible,St Hellen - Buried,is_missing,is_illegible,St Hellen - Plague,is_missing,is_illegible,St James Dukes place - Buried,is_missing,is_illegible,St James Dukes place - Plague,is_missing,is_illegible,St James Garlickhithe - Buried,is_missing,is_illegible,St James Garlickhithe - Plague,is_missing,is_illegible,St John Baptist - Buried,is_missing,is_illegible,St John Baptist - Plague,is_missing,is_illegible,St John Evangelist - Buried,is_missing,is_illegible,St John Evangelist - Plague,is_missing,is_illegible,St John Zachary - Buried,is_missing,is_illegible,St John Zachary - Plague,is_missing,is_illegible,St Katharine Coleman - Buried,is_missing,is_illegible,St Katharine Coleman - Plague,is_missing,is_illegible,St Katharine Creechurch - Buried,is_missing,is_illegible,St Katharine Creechurch - Plague,is_missing,is_illegible,St Lawrence Jewry - Buried,is_missing,is_illegible,St Lawrence Jewry - Plague,is_missing,is_illegible,St Lawrence Pountney - Buried,is_missing,is_illegible,St Lawrence Pountney - Plague,is_missing,is_illegible,St Leonard Eastcheap - Buried,is_missing,is_illegible,St Leonard Eastcheap - Plague,is_missing,is_illegible,St Leonard Fosterlane - Buried,is_missing,is_illegible,St Leonard Fosterlane - Plague,is_missing,is_illegible,St Magnus Parish - Buried,is_missing,is_illegible,St Magnus Parish - Plague,is_missing,is_illegible,St Margaret Lothbury - Buried,is_missing,is_illegible,St Margaret Lothbury - Plague,is_missing,is_illegible,St Margaret Moses - Buried,is_missing,is_illegible,St Margaret Moses - Plague,is_missing,is_illegible,St Margaret Newfishstreet - Buried,is_missing,is_illegible,St Margaret Newfishstreet - Plague,is_missing,is_illegible,St Margaret Pattons - Buried,is_missing,is_illegible,St Margaret Pattons - Plague,is_missing,is_illegible,St Mary Abchurch - Buried,is_missing,is_illegible,St Mary Abchurch - Plague,is_missing,is_illegible,St Mary Aldermanbury - Buried,is_missing,is_illegible,St Mary Aldermanbury - Plague,is_missing,is_illegible,St Mary Aldermary - Buried,is_missing,is_illegible,St Mary Aldermary - Plague,is_missing,is_illegible,St Mary le Bow - Buried,is_missing,is_illegible,St Mary le Bow - Plague,is_missing,is_illegible,St Mary Bothaw - Buried,is_missing,is_illegible,St Mary Bothaw - Plague,is_missing,is_illegible,St Mary Colechurch - Buried,is_missing,is_illegible,St Mary Colechurch - Plague,is_missing,is_illegible,St Mary Hill - Buried,is_missing,is_illegible,St Mary Hill - Plague,is_missing,is_illegible,St Mary Mounthaw - Buried,is_missing,is_illegible,St Mary Mounthaw - Plague,is_missing,is_illegible,St Mary Sommerset - Buried,is_missing,is_illegible,St Mary Sommerset - Plague,is_missing,is_illegible,St Mary Stayning - Buried,is_missing,is_illegible,St Mary Stayning - Plague,is_missing,is_illegible,St Mary Woolchurch - Buried,is_missing,is_illegible,St Mary Woolchurch - Plague,is_missing,is_illegible,St Mary Woolnoth - Buried,is_missing,is_illegible,St Mary Woolnoth - Plague,is_missing,is_illegible,St Martin Iremongerlane - Buried,is_missing,is_illegible,St Martin Iremongerlane - Plague,is_missing,is_illegible,St Martin Ludgate - Buried,is_missing,is_illegible,St Martin Ludgate - Plague,is_missing,is_illegible,St Martin Orgars - Buried,is_missing,is_illegible,St Martin Orgars - Plague,is_missing,is_illegible,St Martin Outwich - Buried,is_missing,is_illegible,St Martin Outwich - Plague,is_missing,is_illegible,St Martin Vintrey - Buried,is_missing,is_illegible,St Martin Vintrey - Plague,is_missing,is_illegible,St Matthew Fridaystreet - Buried,is_missing,is_illegible,St Matthew Fridaystreet - Plague,is_missing,is_illegible,St Maudlin Milkstreet - Buried,is_missing,is_illegible,St Maudlin Milkstreet - Plague,is_missing,is_illegible,St Maudlin Oldfishstreet - Buried,is_missing,is_illegible,St Maudlin Oldfishstreet - Plague,is_missing,is_illegible,St Michael Bassishaw - Buried,is_missing,is_illegible,St Michael Bassishaw - Plague,is_missing,is_illegible,St Michael Cornhil - Buried,is_missing,is_illegible,St Michael Cornhil - Plague,is_missing,is_illegible,St Michael Crookedlane - Buried,is_missing,is_illegible,St Michael Crookedlane - Plague,is_missing,is_illegible,St Michael Queenhithe - Buried,is_missing,is_illegible,St Michael Queenhithe - Plague,is_missing,is_illegible,St Michael Quern - Buried,is_missing,is_illegible,St Michael Quern - Plague,is_missing,is_illegible,St Michael Royal - Buried,is_missing,is_illegible,St Michael Royal - Plague,is_missing,is_illegible,St Michael Woodstreet - Buried,is_missing,is_illegible,St Michael Woodstreet - Plague,is_missing,is_illegible,St Mildred Breadstreet - Buried,is_missing,is_illegible,St Mildred Breadstreet - Plague,is_missing,is_illegible,St Mildred Poultrey - Buried,is_missing,is_illegible,St Mildred Poultrey - Plague,is_missing,is_illegible,St Nicholas Acons - Buried,is_missing,is_illegible,St Nicholas Acons - Plague,is_missing,is_illegible,St Nicholas Coleabby - Buried,is_missing,is_illegible,St Nicholas Coleabby - Plague,is_missing,is_illegible,St Nicholas Olaves - Buried,is_missing,is_illegible,St Nicholas Olaves - Plague,is_missing,is_illegible,St Olave Hartstreet - Buried,is_missing,is_illegible,St Olave Hartstreet - Plague,is_missing,is_illegible,St Olave Jewry - Buried,is_missing,is_illegible,St Olave Jewry - Plague,is_missing,is_illegible,St Olave Silverstreet - Buried,is_missing,is_illegible,St Olave Silverstreet - Plague,is_missing,is_illegible,St Pancras Soperlane - Buried,is_missing,is_illegible,St Pancras Soperlane - Plague,is_missing,is_illegible,St Peter Cheap - Buried,is_missing,is_illegible,St Peter Cheap - Plague,is_missing,is_illegible,St Peter Cornhil - Buried,is_missing,is_illegible,St Peter Cornhil - Plague,is_missing,is_illegible,St Peter Paulswharf - Buried,is_missing,is_illegible,St Peter Paulswharf - Plague,is_missing,is_illegible,St Peter Poor - Buried,is_missing,is_illegible,St Peter Poor - Plague,is_missing,is_illegible,St Steven Colemanstreet - Buried,is_missing,is_illegible,St Steven Colemanstreet - Plague,is_missing,is_illegible,St Steven Walbrook - Buried,is_missing,is_illegible,St Steven Walbrook - Plague,is_missing,is_illegible,St Swithin - Buried,is_missing,is_illegible,St Swithin - Plague,is_missing,is_illegible,St Thomas Apostles - Buried,is_missing,is_illegible,St Thomas Apostles - Plague,is_missing,is_illegible,Trinity Parish - Buried,is_missing,is_illegible,Trinity Parish - Plague,is_missing,is_illegible,Christened in the 97 Parishes within the Walls,is_missing,is_illegible,Buried in the 97 Parishes within the Walls,is_missing,is_illegible,Plague in the 97 Parishes within the Walls,is_missing,is_illegible,St Andrew Holborn - Buried,is_missing,is_illegible,St Andrew Holborn - Plague,is_missing,is_illegible,St Bartholomew Great - Buried,is_missing,is_illegible,St Bartholomew Great - Plague,is_missing,is_illegible,St Bartholomew Less - Buried,is_missing,is_illegible,St Bartholomew Less - Plague,is_missing,is_illegible,St Bridget - Buried,is_missing,is_illegible,St Bridget - Plague,is_missing,is_illegible,Bridewel Precinct - Buried,is_missing,is_illegible,Bridewel Precinct - Plague,is_missing,is_illegible,St Botolph Aldersgate - Buried,is_missing,is_illegible,St Botolph Aldersgate - Plague,is_missing,is_illegible,St Botolph Aldgate - Buried,is_missing,is_illegible,St Botolph Aldgate - Plague,is_missing,is_illegible,St Botolph Bishopsgate - Buried,is_missing,is_illegible,St Botolph Bishopsgate - Plague,is_missing,is_illegible,St Dunstan West - Buried,is_missing,is_illegible,St Dunstan West - Plague,is_missing,is_illegible,St George Southwark - Buried,is_missing,is_illegible,St George Southwark - Plague,is_missing,is_illegible,St Giles Cripplegate - Buried,is_missing,is_illegible,St Giles Cripplegate - Plague,is_missing,is_illegible,St Olave Southwark - Buried,is_missing,is_illegible,St Olave Southwark - Plague,is_missing,is_illegible,Saviours Southwark - Buried,is_missing,is_illegible,Saviours Southwark - Plague,is_missing,is_illegible,S Sepulchres Parish - Buried,is_missing,is_illegible,S Sepulchres Parish - Plague,is_missing,is_illegible,St Thomas Southwark - Buried,is_missing,is_illegible,St Thomas Southwark - Plague,is_missing,is_illegible,Trinity Minories - Buried,is_missing,is_illegible,Trinity Minories - Plague,is_missing,is_illegible,Pesthouse Without the Walls - Buried,is_missing,is_illegible,Pesthouse Without the Walls - Plague,is_missing,is_illegible,Christened in the parishes without the Walls,is_missing,is_illegible,Buried in the parishes without the Walls,is_missing,is_illegible,Plague in the parishes without the Walls,is_missing,is_illegible,Christ Church in Surry - Buried,is_missing,is_illegible,Christ Church in Surry - Plague,is_missing,is_illegible,St Giles in the Field - Buried,is_missing,is_illegible,St Giles in the Field - Plague,is_missing,is_illegible,Hackney Parish - Buried,is_missing,is_illegible,Hackney Parish - Plague,is_missing,is_illegible,St James Clerkenwel - Buried,is_missing,is_illegible,St James Clerkenwel - Plague,is_missing,is_illegible,St Katharine Tower - Buried,is_missing,is_illegible,St Katharine Tower - Plague,is_missing,is_illegible,Lambeth Parish - Buried,is_missing,is_illegible,Lambeth Parish - Plague,is_missing,is_illegible,St Leonard Shoreditch - Buried,is_missing,is_illegible,St Leonard Shoreditch - Plague,is_missing,is_illegible,St Magdalen Bermondsey - Buried,is_missing,is_illegible,St Magdalen Bermondsey - Plague,is_missing,is_illegible,St Mary Newington - Buried,is_missing,is_illegible,St Mary Newington - Plague,is_missing,is_illegible,St Mary Islington - Buried,is_missing,is_illegible,St Mary Islington - Plague,is_missing,is_illegible,St Mary Whitechappel - Buried,is_missing,is_illegible,St Mary Whitechappel - Plague,is_missing,is_illegible,St Pauls Shadwel - Buried,is_missing,is_illegible,St Pauls Shadwel - Plague,is_missing,is_illegible,Rothorith Parish - Buried,is_missing,is_illegible,Rothorith Parish - Plague,is_missing,is_illegible,Stepney Parish - Buried,is_missing,is_illegible,Stepney Parish - Plague,is_missing,is_illegible,Christened in the out-Parishes in Middlesex and Surrey,is_missing,is_illegible,Buried in the out-Parishes in Middlesex and Surrey,is_missing,is_illegible,Plague in the out-Parishes in Middlesex and Surrey,is_missing,is_illegible,St Clement Danes - Buried,is_missing,is_illegible,St Clement Danes - Plague,is_missing,is_illegible,St Paul Covent Garden - Buried,is_missing,is_illegible,St Paul Covent Garden - Plague,is_missing,is_illegible,St Martin in the fields - Buried,is_missing,is_illegible,St Martin in the fields - Plague,is_missing,is_illegible,St Mary Savoy - Buried,is_missing,is_illegible,St Mary Savoy - Plague,is_missing,is_illegible,St Margaret Westminster - Buried,is_missing,is_illegible,St Margaret Westminster - Plague,is_missing,is_illegible,Pesthouse in Westminster - Buried,is_missing,is_illegible,Pesthouse in Westminster - Plague,is_missing,is_illegible,Christened in the Parishes and Liberties of Westminster,is_missing,is_illegible,Buried in the Parishes and Liberties of Westminster,is_missing,is_illegible,Plague in the Parishes and Liberties of Westminster,is_missing,is_illegible
17184,23013,3089,1,1665,,,15,,,Bodleian-1665-15-recto,,,28,,,March,,,4,,,April,,,1,,,,,,2,,,,,,,,,,,,,,,,,,1,,,,,,1,,,,,,1,,,,,,,,,,,,2,,,,,,,,,,,,,,,,,,1,,,,,,1,,,,,,,,,,,,4,,,,,,,,,,,,,,,,,,,,,,,,1,,,,,,1,,,,,,,,,,,,,,,,,,2,,,,,,2,,,,,,1,,,,,,,,,,,,1,,,,,,1,,,,,,1,,,,,,3,,,,,,3,,,,,,,,,,,,1,,,,,,,,,,,,5,,,,,,,,,,,,1,,,,,,1,,,,,,2,,,,,,1,,,,,,,,,,,,,,,,,,2,,,,,,1,,,,,,1,,,,,,,,,,,,3,,,,,,,,,,,,,,,,,,,,,,,,,,,,,,1,,,,,,1,,,,,,1,,,,,,,,,,,,1,,,,,,,,,,,,,,,,,,,,,,,,,,,,,,,,,,,,1,,,,,,,,,,,,1,,,,,,,,,,,,,,,,,,,,,,,,,,,,,,,,,,,,,,,,,,,,,,,,1,,,,,,4,,,,,,,,,,,,,,,,,,1,,,,,,,,,,,,,,,,,,,,,,,,,,,,,,,,,,,,,,,,,,3,,,,,,,,,,,,,,,,,,2,,,,,,3,,,,,,1,,,,,,,,,,,,2,,,,,,,,,,,,,,,,,,3,,,,,,,,,,,,,,,,,,,,,,,,,,,,,,,1,,74,,,0,,,19,,,,,,2,,,,,,,,,,,,11,,,,,,2,,,,,,2,,,,,,11,,,,,,8,,,,,,4,,,,,,5,,,,,,29,,,,,,11,,,,,,14,,,,,,18,,,,,,2,,,,,,,,,,,,,,,,,,,1,,138,,,0,,,,1,,,1,,18,,,,,,1,,,,,,11,,,,,,4,,,,,,3,,,,,,6,,,,,,3,,,,,,4,,,,,,3,,,,,,12,,,,,,,1,,,1,,,,,,,,21,,,,,,,1,,86,,,0,,,8,,,,,,3,,,,,,23,,,,,,,,,,,,12,,,,,,,,,,,,,1,,46,,,0,,
17185,23014,3090,1,1665,,,16,,,Bodleian-1665-16-recto,,,4,,,April,,,11,,,April,,,1,,,,,,5,,,,,,,,,,,,,,,,,,,,,,,,1,,,,,,,,,,,,2,,,,,,3,,,,,,,,,,,,1,,,,,,,,,,,,1,,,,,,2,,,,,,4,,,,,,,,,,,,,,,,,,,,,,,,1,,,,,,,,,,,,,,,,,,,,,,,,,,,,,,7,,,,,,,,,,,,,,,,,,,,,,,,,,,,,,,,,,,,1,,,,,,,,,,,,1,,,,,,,,,,,,,,,,,,3,,,,,,,,,,,,2,,,,,,,,,,,,,,,,,,,,,,,,2,,,,,,1,,,,,,3,,,,,,2,,,,,,,,,,,,,,,,,,,,,,,,1,,,,,,1,,,,,,1,,,,,,1,,,,,,,,,,,,,,,,,,2,,,,,,1,,,,,,1,,,,,,,,,,,,,,,,,,,,,,,,1,,,,,,,,,,,,,,,,,,,,,,,,,,,,,,,,,,,,1,,,,,,2,,,,,,1,,,,,,,,,,,,,,,,,,,,,,,,,,,,,,1,,,,,,3,,,,,,1,,,,,,4,,,,,,,,,,,,1,,,,,,1,,,,,,,,,,,,,,,,,,1,,,,,,1,,,,,,,,,,,,1,,,,,,1,,,,,,1,,,,,,1,,,,,,,,,,,,,,,,,,,,,,,,1,,,,,,4,,,,,,,,,,,,2,,,,,,,,,,,,1,,,,,,,1,,81,,,0,,,16,,,,,,,,,,,,,,,,,,12,,,,,,,,,,,,1,,,,,,20,,,,,,10,,,,,,6,,,,,,6,,,,,,30,,,,,,18,,,,,,13,,,,,,16,,,,,,1,,,,,,,,,,,,,,,,,,,1,,149,,,0,,,,1,,,1,,25,,,,,,3,,,,,,12,,,,,,2,,,,,,4,,,,,,8,,,,,,7,,,,,,4,,,,,,2,,,,,,15,,,,,,,1,,,1,,,,,,,,25,,,,,,,1,,107,,,0,,,6,,,,,,3,,,,,,16,,,,,,,,,,,,10,,,,,,,,,,,,,1,,45,,,0,,
17216,23015,3091,1,1665,,,17,,,Bodleian-1665-17-recto,,,11,,,April,,,18,,,April,,,2,,,,,,1,,,,,,,,,,,,2,,,,,,,,,,,,,,,,,,1,,,,,,,,,,,,3,,,,,,,,,,,,2,,,,,,2,,,,,,3,,,,,,1,,,,,,3,,,,,,,,,,,,,,,,,,,,,,,,,,,,,,,,,,,,1,,,,,,,,,,,,1,,,,,,7,,,,,,,,,,,,1,,,,,,,,,,,,1,,,,,,2,,,,,,1,,,,,,,,,,,,,,,,,,,,,,,,,,,,,,3,,,,,,1,,,,,,1,,,,,,2,,,,,,2,,,,,,,,,,,,,,,,,,1,,,,,,1,,,,,,,,,,,,,,,,,,,,,,,,,,,,,,,,,,,,,,,,,,,,,,,,,,,,,,,,,,,,,,,,,,2,,,,,,,,,,,,,,,,,,,,,,,,,,,,,,,,,,,,,,,,,,1,,,,,,,,,,,,,,,,,,,,,,,,1,,,,,,,,,,,,1,,,,,,,,,,,,,,,,,,,,,,,,1,,,,,,2,,,,,,3,,,,,,,,,,,,1,,,,,,2,,,,,,,,,,,,,,,,,,1,,,,,,,,,,,,,,,,,,1,,,,,,,,,,,,,,,,,,,,,,,,,,,,,,1,,,,,,,,,,,,,,,,,,1,,,,,,,,,,,,,,,,,,1,,,,,,1,,,,,,,,,,,,,,,,,,1,,,,,,,1,,66,,,0,,,19,,,,,,,,,,,,,,,,,,7,,,,,,,,,,,,3,,,,,,17,,,,,,14,,,,,,1,,,,,,1,,,,,,18,,,,,,10,,,,,,22,,,,,,12,,,,,,2,,,,,,,,,,,,,,,,,,,1,,126,,,0,,,,1,,,1,,25,,,,,,4,,,,,,10,,,,,,3,,,,,,2,,,,,,8,,,,,,5,,,,,,4,,,,,,2,,,,,,9,,,,,,,1,,,1,,2,,,,,,19,,,,,,,1,,93,,,0,,,12,,,,,,3,,,,,,21,,,,,,2,,,,,,21,,,,,,,,,,,,,1,,59,,,0,,
17217,23016,3092,1,1665,,,18,,,Bodleian-1665-18-recto,,,18,,,April,,,25,,,April,,,1,,,,,,3,,,,,,,,,,,,2,,,,,,,,,,,,2,,,,,,,,,,,,,,,,,,2,,,,,,3,,,,,,,,,,,,1,,,,,,3,,,,,,,,,,,,,,,,,,1,,,,,,,,,,,,2,,,,,,,,,,,,,,,,,,1,,,,,,,,,,,,1,,,,,,1,,,,,,1,,,,,,1,,,,,,1,,,,,,1,,,,,,,,,,,,,,,,,,,,,,,,1,,,,,,,,,,,,,,,,,,1,,,,,,,,,,,,,,,,,,1,,,,,,2,,,,,,,,,,,,1,,,,,,1,,,,,,,,,,,,,,,,,,1,,,,,,1,,,,,,3,,,,,,1,,,,,,1,,,,,,,,,,,,,,,,,,,,,,,,1,,,,,,,,,,,,,,,,,,,,,,,,2,,,,,,,,,,,,1,,,,,,,,,,,,2,,,,,,,,,,,,,,,,,,,,,,,,,,,,,,,,,,,,,,,,,,,,,,,,,,,,,,1,,,,,,,,,,,,3,,,,,,1,,,,,,,,,,,,,,,,,,1,,,,,,,,,,,,,,,,,,,,,,,,1,,,,,,,,,,,,1,,,,,,,,,,,,,,,,,,,,,,,,,,,,,,,,,,,,1,,,,,,,,,,,,1,,,,,,,,,,,,,,,,,,8,,,,,,,,,,,,,,,,,,,,,,,,,,,,,,,1,,65,,,0,,,16,,,,,,,,,,,,,,,,,,9,,,,,,1,,,,,,3,,,,,,14,,,,,,12,,,,,,5,,,,,,5,,,,,,28,,,,,,18,,,,,,14,,,,,,17,,,,,,3,,,,,,,,,,,,,,,,,,,1,,145,,,0,,,,1,,,1,,30,,,2,,,3,,,,,,6,,,,,,6,,,,,,7,,,,,,10,,,,,,5,,,,,,4,,,,,,2,,,,,,9,,,,,,,1,,,1,,,,,,,,37,,,,,,,1,,119,,,2,,,12,,,,,,3,,,,,,29,,,,,,2,,,,,,23,,,,,,,,,,,,,1,,69,,,0,,
17218,23017,3093,1,1665,,,19,,,Bodleian-1665-19-recto,,,25,,,April,,,2,,,May,,,,,,,,,3,,,,,,,,,,,,1,,,,,,,,,,,,1,,,,,,,,,,,,2,,,,,,3,,,,,,,,,,,,1,,,,,,,,,,,,5,,,,,,2,,,,,,1,,,,,,,,,,,,,,,,,,,,,,,,1,,,,,,,,,,,,,,,,,,1,,,,,,,,,,,,1,,,,,,1,,,,,,,,,,,,,,,,,,1,,,,,,1,,,,,,1,,,,,,,,,,,,1,,,,,,2,,,,,,,,,,,,3,,,,,,2,,,,,,1,,,,,,1,,,,,,,,,,,,,,,,,,,,,,,,2,,,,,,1,,,,,,1,,,,,,1,,,,,,,,,,,,1,,,,,,2,,,,,,,,,,,,,,,,,,1,,,,,,,,,,,,,,,,,,,,,,,,,,,,,,,,,,,,,,,,,,,,,,,,,,,,,,1,,,,,,2,,,,,,1,,,,,,2,,,,,,,,,,,,,,,,,,,,,,,,,,,,,,1,,,,,,3,,,,,,,,,,,,,,,,,,,,,,,,1,,,,,,,,,,,,,,,,,,,,,,,,,,,,,,,,,,,,,,,,,,1,,,,,,2,,,,,,,,,,,,1,,,,,,,,,,,,,,,,,,3,,,,,,,,,,,,,,,,,,,,,,,,1,,,,,,1,,,,,,,,,,,,2,,,,,,,,,,,,1,,,,,,1,,,,,,1,,,,,,,1,,70,,,0,,,14,,,,,,4,,,,,,,,,,,,8,,,,,,1,,,,,,4,,,,,,8,,,,,,11,,,,,,6,,,,,,5,,,,,,18,,,,,,16,,,,,,16,,,,,,13,,,,,,1,,,,,,,,,,,,,,,,,,,1,,125,,,0,,,,1,,,1,,24,,,,,,,,,,,,13,,,,,,5,,,,,,5,,,,,,8,,,,,,15,,,,,,4,,,,,,3,,,,,,11,,,,,,,1,,,1,,3,,,,,,36,,,,,,,1,,127,,,0,,,13,,,,,,5,,,,,,26,,,,,,2,,,,,,20,,,,,,,,,,,,,1,,66,,,0,,
17219,23018,3096,1,1665,,,20,,,Bodleian-1665-20-recto,,,2,,,May,,,9,,,May,,,,,,,,,3,,,,,,,,,,,,2,,,,,,,,,,,,1,,,,,,,,,,,,,,,,,,3,,,,,,,,,,,,,,,,,,1,,,,,,1,,,,,,,,,,,,1,,,,,,1,,,,,,,,,,,,1,,,,,,,,,,,,,,,,,,,,,,,,,,,,,,,,,,,,1,,,,,,1,,,,,,1,,,,,,2,,,,,,,,,,,,2,,,,,,3,,,,,,,,,,,,,,,,,,1,,,,,,,,,,,,2,,,,,,,,,,,,2,,,,,,2,,1,,,,,,,,,,2,,,,,,,,,,,,,,,,,,,,,,,,2,,,,,,,,,,,,,,,,,,,,,,,,,,,,,,1,,,,,,,,,,,,1,,,,,,,,,,,,,,,,,,1,,,,,,1,,,,,,,,,,,,,,,,,,,,,,,,,,,,,,,,,,,,1,,,,,,,,,,,,1,,,1,,,1,,,,,,,,,,,,,,,,,,,,,,,,,,,,,,,,,,,,,,,,,,,,,,,,1,,,,,,2,,,,,,,,,,,,1,,,,,,2,,,,,,,,,,,,,,,,,,1,,,,,,,,,,,,,,,,,,,,,,,,,,,,,,,,,,,,1,,,,,,2,,,,,,,,,,,,,,,,,,,,,,,,,,,,,,,,,,,,1,,,,,,1,,,,,,,,,,,,,,,,,,,,,,,,,,,,,,,1,,54,,,1,,,17,,,1,,,,,,,,,1,,,,,,5,,,,,,,,,,,,2,,,,,,17,,,,,,7,,,,,,5,,,,,,3,,,,,,24,,,,,,16,,,,,,14,,,,,,12,,,,,,,,,,,,,,,,,,,,,,,,,1,,123,,,1,,,,1,,,1,,30,,,3,,,5,,,,,,4,,,,,,5,,,,,,6,,,,,,9,,,,,,8,,,,,,8,,,,,,2,,,,,,2,,,,,,,1,,,1,,5,,,,,,30,,,,,,,1,,114,,,3,,,16,,,4,,,2,,,,,,25,,,,,,3,,,,,,10,,,,,,,,,,,,,1,,56,,,4,,
17220,23019,3098,1,1665,,,22,,,Bodleian-1665-22-recto,,,16,,,May,,,23,,,May,,,1,,,,,,3,,,,,,,,,,,,1,,,,,,,,,,,,,,,,,,,,,,,,2,,,,,,,,,,,,3,,,,,,,,,,,,2,,,,,,,,,,,,1,,,,,,3,,,,,,1,,,,,,1,,,,,,1,,,,,,,,,,,,1,,,,,,2,,,,,,,,,,,,1,,,,,,3,,,,,,,,,,,,,,,,,,,,,,,,,,,,,,,,,,,,,,,,,,,,,,,,4,,,,,,,,,,,,,,,,,,,,,,,,,,,,,,,,,,,,,,,,,,1,,,,,,,,,,,,,,,,,,1,,,,,,,,,,,,2,,,,,,,,,,,,,,,,,,1,,,,,,,,,,,,1,,,,,,1,,,,,,2,,,,,,1,,,,,,,,,,,,,,,,,,1,,,,,,1,,,,,,,,,,,,,,,,,,,,,,,,,,,,,,1,,,,,,,,,,,,,,,,,,,,,,,,,,,,,,,,,,,,1,,,,,,,,,,,,,,,,,,,,,,,,1,,,,,,1,,,,,,,,,,,,,,,,,,,,,,,,2,,,,,,2,,,,,,,,,,,,1,,,,,,,,,,,,1,,,,,,,,,,,,,,,,,,,,,,,,,,,,,,,,,,,,2,,,,,,,,,,,,,,,,,,,,,,,,,,,,,,2,,,,,,4,,,,,,1,,,,,,,,,,,,,,,,,,,,,,,,,1,,63,,,0,,,16,,,,,,2,,,,,,,,,,,,7,,,,,,,,,,,,7,,,,,,11,,,,,,11,,,,,,2,,,1,,,2,,,,,,23,,,,,,7,,,,,,15,,,,,,18,,,,,,3,,,,,,,,,,,,1,,,,,,,1,,125,,,2,,,,1,,,1,,40,,,7,,,3,,,,,,3,,,,,,5,,,,,,1,,,,,,10,,,,,,7,,,,,,6,,,,,,2,,,,,,14,,,,,,,1,,,1,,,,,,,,38,,,,,,,1,,129,,,7,,,19,,,5,,,4,,,,,,22,,,,,,2,,,,,,21,,,,,,,,,,,,,1,,68,,,5,,
17221,23020,3101,1,1665,,,23,,,Bodleian-1665-23-recto,,,23,,,May,,,30,,,May,,,2,,,,,,3,,,,,,,,,,,,2,,,,,,,,,,,,,,,,,,1,,,,,,,,,,,,2,,,,,,1,,,,,,1,,,,,,,,,,,,,,,,,,,,,,,,3,,,,,,,,,,,,1,,,,,,,,,,,,,,,,,,,,,,,,,,,,,,,,,,,,1,,,,,,1,,,,,,,,,,,,,,,,,,1,,,,,,1,,,,,,,,,,,,,,,,,,1,,,,,,,,,,,,,,,,,,1,,,,,,,,,,,,,,,,,,1,,,,,,2,,,,,,,,,,,,,,,,,,1,,,,,,2,,,,,,2,,,,,,1,,,,,,1,,,,,,,,,,,,,,,,,,,,,,,,,,,,,,,,,,,,1,,,,,,,,,,,,,,,,,,1,,,,,,,,,,,,,,,,,,3,,,,,,,,,,,,,,,,,,,,,,,,4,,,,,,,,,,,,1,,,,,,,,,,,,,,,,,,,,,,,,,,,,,,,,,,,,,,,,,,,,,,,,,,,,,,,,,,,,3,,,,,,,,,,,,,,,,,,,,,,,,,,,,,,,,,,,,,,,,,,1,,,,,,,,,,,,1,,,,,,1,,,,,,,,,,,,,,,,,,1,,,,,,2,,,,,,,,,,,,,,,,,,,,,,,,1,,,,,,,,,,,,2,,,,,,1,,,,,,,,,,,,,,,,,,,,,,,,,1,,56,,,0,,,18,,,1,,,,,,,,,,,,,,,8,,,,,,2,,,,,,4,,,,,,11,,,,,,4,,,1,,,5,,,,,,2,,,,,,21,,,,,,19,,,1,,,14,,,,,,18,,,,,,,,,,,,,,,,,,,,,1,,,,1,,126,,,4,,,,1,,,1,,53,,,9,,,,,,,,,9,,,,,,2,,,,,,6,,,,,,9,,,,,,9,,,,,,3,,,,,,1,,,,,,19,,,,,,,1,,,1,,,,,,,,34,,,,,,,1,,145,,,9,,,10,,,4,,,4,,,,,,37,,,,,,,,,,,,21,,,,,,,,,,,,,1,,72,,,4,,
17222,23021,3103,1,1665,,,25,,,Bodleian-1665-25-recto,,,6,,,June,,,13,,,June,,,3,,,1,,,1,,,,,,,,,,,,3,,,,,,,,,,,,,,,,,,,,,,,,1,,,,,,4,,,,,,,,,,,,,,,,,,1,,,,,,2,,,,,,1,,,,,,4,,,,,,,,,,,,,,,,,,,,,,,,,,,,,,,,,,,,3,,,,,,,,,,,,1,,,,,,1,,,,,,,,,,,,,,,,,,1,,,,,,2,,,,,,1,,,,,,,,,,,,,,,,,,,,,,,,2,,,1,,,,,,,,,3,,,,,,,,,,,,2,,,,,,1,,,,,,,,,,,,1,,,,,,,,,,,,,,,,,,,,,,,,,,,,,,1,,,,,,,,,,,,1,,,,,,1,,,,,,,,,,,,,,,,,,,,,,,,,,,,,,1,,,,,,,,,,,,1,,,,,,,,,,,,,,,,,,,,,,,,,,,,,,,,,,,,3,,,,,,,,,,,,,,,,,,2,,,,,,,,,,,,1,,,,,,,,,,,,,,,,,,1,,,,,,,,,,,,1,,,,,,,,,,,,2,,,,,,,,,,,,2,,,2,,,,,,,,,,,,,,,,,,,,,2,,,,,,,,,,,,,,,,,,,,,,,,,,,,,,,,,,,,2,,,,,,,,,,,,1,,,,,,,,,,,,1,,,,,,,,,,,,1,,,,,,1,,,,,,3,,,,,,,,,,,,,,,,,,1,,,,,,,,,,,,,1,,67,,,4,,,20,,,7,,,2,,,,,,,,,,,,14,,,3,,,,,,,,,3,,,,,,19,,,,,,15,,,2,,,1,,,,,,7,,,,,,37,,,1,,,14,,,,,,15,,,,,,25,,,10,,,2,,,,,,,,,,,,5,,,4,,,,1,,179,,,27,,,,1,,,1,,120,,,68,,,2,,,,,,13,,,,,,9,,,,,,6,,,,,,21,,,,,,6,,,,,,3,,,,,,,,,,,,23,,,3,,,,1,,,1,,3,,,,,,32,,,,,,,1,,238,,,71,,,14,,,8,,,2,,,,,,34,,,2,,,4,,,,,,20,,,,,,,,,,,,,1,,74,,,10,,
17223,23022,3178,1,1665,,,26,,,Bodleian-1665-26-recto,,,13,,,June,,,20,,,June,,,4,,,2,,,1,,,,,,,,,,,,4,,,,,,,,,,,,3,,,,,,,,,,,,,,,,,,,,,,,,1,,,,,,1,,,,,,,,,,,,1,,,,,,,,,,,,1,,,,,,1,,,,,,,,,,,,,,,,,,1,,,1,,,6,,,4,,,,,,,,,,,,,,,2,,,,,,2,,,,,,,,,,,,,,,,,,,,,,,,3,,,,,,2,,,,,,1,,,,,,,,,,,,1,,,,,,,,,,,,,,,,,,,,,,,,2,,,,,,1,,,,,,,,,,,,,,,,,,,,,,,,1,,,,,,2,,,,,,1,,,,,,1,,,,,,,,,,,,,,,,,,,,,,,,1,,,,,,,,,,,,,,,,,,,,,,,,1,,,,,,,,,,,,,,,,,,,,,,,,,,,,,,,,,,,,,,,,,,2,,,,,,,,,,,,,,,,,,,,,,,,,,,,,,2,,,,,,,,,,,,1,,,,,,,,,,,,,,,,,,1,,,,,,1,,,,,,,,,,,,,,,,,,3,,,,,,,,,,,,2,,,2,,,,,,,,,,,,,,,,,,,,,,,,,,,1,,,,,,1,,,,,,,,,,,,,,,,,,,,,,,,,,,,,,,,,,,,1,,,1,,,,,,,,,1,,,,,,,,,,,,,,,,,,,,,,,,3,,,,,,,,,,,,,,,,,,,,,,,,,,,,,,,1,,64,,,10,,,24,,,10,,,4,,,,,,,,,,,,7,,,2,,,1,,,1,,,3,,,,,,10,,,,,,21,,,2,,,9,,,,,,4,,,,,,36,,,3,,,18,,,1,,,16,,,,,,32,,,11,,,3,,,,,,,,,,,,,,,4,,,,1,,188,,,34,,,,1,,,1,,150,,,101,,,2,,,,,,17,,,3,,,4,,,,,,4,,,,,,10,,,,,,9,,,,,,1,,,,,,3,,,1,,,14,,,,,,,1,,,1,,6,,,,,,38,,,,,,,1,,258,,,105,,,19,,,7,,,2,,,,,,47,,,4,,,2,,,1,,,31,,,7,,,,,,,,,,1,,101,,,19,,
17224,23023,2847,1,1665,,,27,,,Bodleian-1665-27-recto,,,20,,,June,,,27,,,June,,,1,,,,,,2,,,,,,,,,,,,3,,,,,,,,,,,,,,,,,,,,,,,,,,,,,,1,,,,,,,,,,,,1,,,,,,2,,,,,,2,,,,,,,,,,,,2,,,,,,,,,,,,1,,,,,,1,,,,,,1,,,,,,,,,,,,1,,,,,,,,,,,,,,,,,,3,,,,,,,,,,,,,,,,,,,,,,,,1,,,,,,,,,,,,,,,,,,,,,,,,,,,,,,,,,,,,,,,,,,,,,,,,,,,,,,1,,,,,,,,,,,,,,,,,,,,,,,,1,,,,,,,,,,,,1,,,,,,,,,,,,1,,,,,,,,,,,,,,,,,,,,,,,,1,,,,,,,,,,,,,,,,,,,,,,,,1,,,,,,,,,,,,,,,,,,,,,,,,,,,,,,,,,,,,,,,,,,,,,,,,3,,,,,,,,,,,,,,,,,,,,,,,,,,,,,,,,,,,,,,,,,,,,,,,,1,,,,,,,,,,,,1,,,,,,,,,,,,2,,,1,,,,,,,,,2,,,1,,,,,,,,,,,,,,,,,,,,,,,,,,,,,,,,,,,,,,,,,,,,,,,,,,,1,,,,,,1,,,,,,1,,,,,,,,,,,,,,,,,,3,,,2,,,1,,,,,,,,,,,,,,,,,,2,,,,,,1,,,,,,1,,,,,,1,,,,,,,,,,,,,1,,49,,,4,,,37,,,15,,,1,,,1,,,1,,,,,,16,,,3,,,,,,,,,4,,,3,,,14,,,,,,11,,,3,,,5,,,,,,7,,,1,,,42,,,7,,,19,,,,,,16,,,,,,45,,,18,,,4,,,1,,,,,,,,,,,,3,,,,1,,225,,,55,,,,1,,,1,,185,,,143,,,2,,,,,,13,,,8,,,6,,,,,,4,,,,,,5,,,,,,6,,,,,,3,,,,,,3,,,1,,,26,,,,,,,1,,,1,,1,,,,,,37,,,1,,,,1,,291,,,153,,,28,,,16,,,5,,,2,,,46,,,11,,,2,,,,,,38,,,26,,,,1,,4,,,,1,,119,,,55,,
17225,23024,2848,1,1665,,,28,,,Bodleian-1665-28-recto,,,27,,,June,,,4,,,July,,,3,,,,,,4,,,1,,,1,,,,,,1,,,,,,,,,,,,1,,,,,,,,,,,,1,,,,,,2,,,,,,,,,,,,1,,,,,,1,,,,,,2,,,,,,,,,,,,1,,,,,,,,,,,,1,,,,,,1,,,,,,1,,,1,,,,,,,,,6,,,2,,,,,,,,,,,,,,,7,,,4,,,,,,,,,,,,,,,,,,,,,5,,,,,,,,,,,,1,,,,,,1,,,,,,1,,,,,,2,,,,,,,,,,,,5,,,,,,,,,,,,1,,,,,,1,,,,,,,,,,,,,,,,,,1,,,1,,,1,,,,,,3,,,,,,,,,,,,1,,,,,,1,,,,,,,,,,,,1,,,,,,,,,,,,,,,,,,,,,,,,,,,,,,1,,,,,,2,,,2,,,,,,,,,,,,,,,1,,,,,,,,,,,,,,,,,,,,,,,,,,,,,,,,,,,,,,,,,,1,,,,,,1,,,,,,1,,,,,,1,,,,,,1,,,,,,,,,,,,,,,,,,,,,,,,1,,,,,,8,,,8,,,,,,,,,4,,,2,,,2,,,,,,1,,,,,,,,,,,,,,,,,,1,,,,,,1,,,,,,,,,,,,,,,,,,,,,,,,,,,,,,,,,,,,1,,,,,,,,,,,,,,,,,,,,,,,,,,,,,,,,,,,,4,,,2,,,1,,,,,,,,,,,,1,,,,,,,,,,,,,1,,93,,,23,,,48,,,35,,,4,,,4,,,2,,,,,,20,,,7,,,2,,,2,,,8,,,4,,,19,,,1,,,38,,,17,,,8,,,5,,,6,,,2,,,96,,,32,,,14,,,2,,,7,,,,,,78,,,48,,,5,,,2,,,,,,,,,5,,,5,,,,1,,360,,,166,,,,1,,,1,,203,,,149,,,2,,,,,,34,,,10,,,1,,,,,,3,,,,,,21,,,7,,,11,,,,,,4,,,,,,4,,,2,,,18,,,6,,,,1,,,1,,3,,,,,,41,,,2,,,,1,,345,,,176,,,33,,,19,,,4,,,1,,,114,,,55,,,7,,,4,,,50,,,26,,,,1,,4,,,,1,,208,,,105,,
17257,23025,2849,1,1665,,,29,,,Bodleian-1665-29-recto,,,4,,,July,,,11,,,July,,,5,,,1,,,2,,,,,,,,,,,,1,,,,,,,,,,,,1,,,,,,,,,,,,1,,,,,,4,,,3,,,1,,,,,,,,,,,,3,,,,,,1,,,,,,1,,,,,,7,,,6,,,1,,,,,,,,,,,,1,,,,,,,,,,,,2,,,,,,7,,,,,,,,,,,,,,,,,,5,,,3,,,,,,,,,,,,,,,1,,,,,,2,,,,,,,,,,,,2,,,,,,1,,,,,,,,,,,,,,,,,,,,,,,,,,,,,,2,,,2,,,1,,,,,,1,,,,,,,,,,,,,,,,,,,,,,,,1,,,,,,,,,,,,,,,,,,,,,,,,,,,,,,,,,,,,1,,,,,,,,,,,,,,,,,,,,,,,,,,,,,,1,,,,,,,,,,,,,,,,,,,,,,,,,,,,,,,,,,,,,,,,,,,,,,,,2,,,1,,,,,,,,,,,,,,,,,,,,,,,,,,,2,,,1,,,,,,,,,1,,,,,,1,,,,,,,,,,,,,,,,,,,,,,,,5,,,4,,,,,,,,,4,,,3,,,3,,,,,,1,,,,,,,,,,,,,,,,,,,,,,,,,,,,,,,,,,,,,,,,,,,,,,,,,,,,,,,,,,,,4,,,1,,,,,,,,,,,,,,,,,,,,,,,,,,,1,,,,,,2,,,1,,,,,,,,,2,,,1,,,1,,,1,,,1,,,,,,,1,,86,,,28,,,66,,,40,,,4,,,2,,,,,,,,,24,,,14,,,1,,,1,,,11,,,9,,,24,,,4,,,37,,,20,,,19,,,9,,,13,,,4,,,103,,,49,,,20,,,6,,,21,,,1,,,117,,,81,,,7,,,5,,,,,,,,,6,,,6,,,,1,,473,,,251,,,,1,,,1,,268,,,213,,,1,,,,,,65,,,50,,,5,,,1,,,4,,,,,,21,,,13,,,14,,,,,,4,,,,,,3,,,2,,,16,,,3,,,,1,,,1,,7,,,3,,,47,,,1,,,,1,,455,,,286,,,29,,,15,,,6,,,4,,,153,,,101,,,8,,,6,,,58,,,34,,,,1,,3,,,,1,,254,,,160,,
17258,23026,2850,1,1665,,,30,,,Bodleian-1665-30-recto,,,11,,,July,,,18,,,July,,,4,,,2,,,4,,,,,,,,,,,,2,,,1,,,,,,,,,,,,,,,,,,,,,4,,,2,,,7,,,5,,,1,,,,,,1,,,1,,,1,,,1,,,5,,,2,,,2,,,,,,10,,,5,,,,,,,,,1,,,1,,,,,,,,,,,,,,,,,,,,,6,,,1,,,,,,,,,,,,,,,12,,,6,,,1,,,1,,,,,,,,,,,,,,,2,,,,,,,,,,,,3,,,,,,3,,,,,,,,,,,,,,,,,,,,,,,,6,,,3,,,,,,,,,1,,,,,,1,,,,,,,,,,,,,,,,,,2,,,1,,,2,,,,,,1,,,,,,,,,,,,2,,,,,,,,,,,,2,,,1,,,,,,,    ,,1,,,1,,,,,,,,,1,,,,,,,,,,,,1,,,,,,,,,,,,1,,,,,,,,,,,,,,,,,,,,,,,,,,,,,,,,,,,,1,,,1,,,1,,,1,,,,,,,,,,,,,,,,,,,,,,,,,,,,,,,,,,,,,,,1,,,1,,,,,,,,,,,,,,,1,,,,,,13,,,10,,,1,,,,,,3,,,3,,,2,,,,,,,,,,,,2,,,,,,1,,,,,,,,,,,,,,,,,,1,,,,,,,,,,,,1,,,,,,4,,,,,,,,,,,,5,,,1,,,,,,,,,,,,,,,2,,,2,,,,,,,,,2,,,1,,,6,,,1,,,,,,,,,1,,,,,,3,,,1,,,,,,,,,,1,,141,,,56,,,117,,,91,,,13,,,9,,,5,,,,,,31,,,16,,,,,,,,,8,,,5,,,35,,,14,,,65,,,39,,,4,,,3,,,13,,,4,,,232,,,114,,,26,,,9,,,24,,,1,,,150,,,100,,,3,,,2,,,1,,,1,,,8,,,8,,,,1,,735,,,416,,,,1,1,,1,1,268,,,218,,,2,,,,,,89,,,78,,,6,,,2,,,8,,,,,,64,,,40,,,12,,,,,,6,,,4,,,17,,,14,,,42,,,21,,,,1,1,,1,1,9,,,7,,,72,,,33,,,,1,,595,,,417,,,31,,,24,,,5,,,3,,,171,,,113,,,4,,,4,,,79,,,56,,1,,1,,3,,,,1,,290,,,200,,
17259,23027,2930,1,1665,,,32,,,Bodleian-1665-32-recto,,,25,,,July,,,1,,,August,,,1,,,,,,4,,,,,,,,,,,,5,,,2,,,,,,,,,3,,,1,,,2,,,1,,,5,,,,,,6,,,3,,,3,,,3,,,1,,,,,,10,,,6,,,2,,,,,,5,,,,,,10,,,6,,,,,,,,,,,,,,,,,,,,,,,,,,,1,,,1,,,6,,,4,,,,,,,,,,,,,,,17,,,13,,,3,,,2,,,,,,,,,2,,,,,,2,,,,,,,,,,,,4,,,2,,,,,,,,,2,,,1,,,1,,,,,,,,,,,,9,,,5,,,1,,,1,,,6,,,4,,,1,,,1,,,1,,,1,,,,,,,,,1,,,1,,,,,,,,,,,,,,,,,,,,,1,,,,,,,,,,,,6,,,5,,,2,,,1,,,,,,,,,,,,,,,,,,,,,,,,,,,1,,,,,,6,,,2,,,1,,,,,,1,,,1,,,,,,,,,,,,,,,2,,,,,,2,,,2,,,3,,,2,,,,,,,,,1,,,,,,1,,,,,,1,,,1,,,1,,,,,,2,,,,,,2,,,,,,6,,,4,,,2,,,,,,,,,,,,,,,,,,8,,,6,,,,,,,,,2,,,2,,,3,,,,,,2,,,2,,,1,,,,,,3,,,3,,,,,,,,,2,,,1,,,1,,,1,,,2,,,1,,,,,,,,,9,,,3,,,,,,,,,15,,,3,,,,,,,,,,,,,,,3,,,2,,,1,,,,,,,,,,,,11,,,7,,,1,,,,,,4,,,2,,,4,,,2,,,1,,,,,,39,,,228,,,111,,,216,,,193,,,14,,,10,,,5,,,2,,,53,,,36,,,2,,,2,,,37,,,23,,,92,,,65,,,116,,,80,,,15,,,10,,,36,,,26,,,554,,,302,,,77,,,36,,,52,,,29,,,250,,,160,,,5,,,2,,,5,,,4,,,10,,,10,,,76,,,1539,,,,1,1,,1,1,,1,1,282,,,229,,,6,,,5,,,103,,,92,,,10,,,4,,,4,,,2,,,,1,1,,1,1,,1,1,,1,1,,1,1,,1,1,,1,1,,1,1,,1,1,,1,1,,1,1,,1,1,,1,1,,1,1,,1,1,,1,1,,1,1,,1,1,,1,1,,1,1,,1,1,,1,1,,1,1,,1,1,,1,1,,1,1,,1,1,,1,1,,1,1,,1,1,,1,1,,1,1,,1,1,,1,1
17260,23028,2931,1,1665,,,33,,,Bodleian-1665-33-recto,,,1,,,August,,,8,,,August,,,9,,,8,,,8,,,3,,,3,,,1,,,2,,,,,,,,,,,,2,,,1,,,4,,,3,,,3,,,1,,,15,,,13,,,14,,,5,,,1,,,,,,9,,,9,,,11,,,8,,,5,,,1,,,21,,,15,,,,,,,,,,,,,,,2,,,,,,1,,,,,,,,,,,,9,,,2,,,,,,,,,,,,,,,22,,,15,,,,,,,,,1,,,,,,2,,,1,,,,,,,,,,,,,,,10,,,9,,,2,,,1,,,7,,,4,,,,,,,,,,,,,,,12,,,6,,,3,,,2,,,7,,,6,,,,,,,,,2,,,2,,,,,,,,,1,,,1,,,,,,,,,2,,,1,,,3,,,1,,,1,,,,,,,,,,,,11,,,11,,,3,,,2,,,9,,,6,,,,,,,,,,,,,,,1,,,,,,2,,,,,,5,,,1,,,5,,,3,,,3,,,1,,,1,,,,,,,,,,,,,,,,,,,,,,,,4,,,4,,,1,,,,,,2,,,,,,,,,,,,,,,,,,2,,,2,,,2,,,1,,,2,,,2,,,7,,,4,,,1,,,,,,1,,,1,,,2,,,2,,,11,,,7,,,2,,,,,,1,,,,,,2,,,1,,,,,,,,,1,,,1,,,3,,,1,,,1,,,,,,3,,,2,,,,,,,,,1,,,1,,,2,,,1,,,4,,,2,,,,,,,,,17,,,8,,,,,,,,,,,,,,,3,,,3,,,1,,,1,,,1,,,1,,,15,,,10,,,,,,,,,3,,,1,,,10,,,8,,,2,,,1,,,36,,,341,,,208,,,198,,,183,,,30,,,17,,,12,,,6,,,81,,,66,,,7,,,5,,,57,,,46,,,103,,,81,,,180,,,133,,,26,,,20,,,60,,,39,,,691,,,356,,,142,,,64,,,61,,,41,,,325,,,205,,,9,,,8,,,,,,,,,10,,,10,,,67,,,1992,,,1280,,,,1,,,1,,290,,,259,,,10,,,6,,,148,,,136,,,16,,,12,,,9,,,1,,,183,,,122,,,14,,,7,,,23,,,16,,,28,,,24,,,177,,,158,,,,1,,,1,,3,,,2,,,204,,,136,,,53,,,1105,,,879,,,61,,,42,,,20,,,16,,,304,,,213,,,8,,,6,,,199,,,173,,,,1,,39,,,22,,,592,,,450,,
17261,23029,2932,1,1665,,,34,,,Bodleian-1665-34-recto,,,8,,,August,,,15,,,August,,,8,,,5,,,10,,,7,,,2,,,1,,,8,,,5,,,1,,,1,,,2,,,,,,5,,,4,,,5,,,2,,,22,,,18,,,16,,,9,,,,,,,,,13,,,11,,,24,,,16,,,15,,,6,,,11,,,10,,,1,,,1,,,2,,,1,,,1,,,1,,,1,,,,,,3,,,3,,,13,,,7,,,,,,,,,1,,,,,,31,,,20,,,4,,,2,,,1,,,,,,2,,,1,,,3,,,1,,,1,,,,,,17,,,8,,,,,,,,,10,,,8,,,2,,,,,,,,,,,,15,,,11,,,11,,,10,,,9,,,6,,,3,,,3,,,1,,,1,,,,,,,,,2,,,1,,,,,,,,,3,,,2,,,7,,,3,,,6,,,3,,,,,,,,,13,,,9,,,8,,,4,,,3,,,2,,,1,,,1,,,,,,,,,,,,,,,1,,,,,,9,,,2,,,2,,,1,,,6,,,3,,,,,,,,,1,,,1,,,1,,,,,,4,,,2,,,12,,,10,,,2,,,1,,,2,,,,,,1,,,1,,,,,,,,,5,,,4,,,3,,,,,,1,,,1,,,10,,,7,,,,,,,,,,,,,,,3,,,1,,,11,,,7,,,,,,,,,2,,,,,,8,,,,,,1,,,,,,7,,,5,,,11,,,4,,,,,,,,,1,,,1,,,,,,,,,7,,,5,,,2,,,,,,7,,,6,,,1,,,1,,,21,,,12,,,,,,,,,1,,,,,,5,,,4,,,1,,,1,,,2,,,1,,,14,,,10,,,,,,,,,3,,,2,,,9,,,6,,,2,,,1,,,38,,,496,,,304,,,287,,,272,,,64,,,48,,,9,,,8,,,103,,,90,,,4,,,2,,,61,,,47,,,207,,,173,,,259,,,196,,,35,,,25,,,99,,,71,,,886,,,521,,,218,,,114,,,132,,,100,,,365,,,241,,,5,,,4,,,1,,,,,,12,,,12,,,62,,,2747,,,1924,,,,1,,,1,,277,,,242,,,5,,,4,,,155,,,145,,,24,,,18,,,18,,,10,,,207,,,163,,,44,,,24,,,47,,,37,,,42,,,36,,,285,,,240,,,,1,,,1,,7,,,3,,,293,,,197,,,45,,,1404,,,1119,,,74,,,57,,,13,,,7,,,301,,,229,,,15,,,12,,,269,,,228,,,,1,,12,,,21,,,672,,,533,,
17262,23030,2933,1,1665,,,35,,,Bodleian-1665-35-recto,,,15,,,August,,,22,,,August,,,11,,,8,,,13,,,11,,,1,,,1,,,6,,,5,,,,,,,,,3,,,2,,,6,,,4,,,7,,,5,,,23,,,11,,,18,,,10,,,1,,,,,,14,,,9,,,21,,,16,,,18,,,11,,,22,,,17,,,,,,,,,,,,,,,2,,,2,,,2,,,2,,,,,,,,,16,,,8,,,,,,,,,2,,,,,,27,,,22,,,1,,,,,,2,,,2,,,2,,,1,,,7,,,2,,,2,,,2,,,13,,,7,,,6,,,6,,,13,,,11,,,1,,,,,,,,,,,,9,,,5,,,11,,,11,,,7,,,5,,,3,,,1,,,7,,,4,,,,,,,,,1,,,1,,,5,,,1,,,7,,,4,,,2,,,1,,,6,,,5,,,1,,,1,,,17,,,13,,,2,,,2,,,2,,,1,,,1,,,,,,1,,,,,,1,,,,,,1,,,,,,11,,,5,,,2,,,1,,,6,,,6,,,1,,,1,,,,,,,,,2,,,1,,,1,,,,,,6,,,5,,,1,,,,,,1,,,,,,1,,,1,,,,,,,,,4,,,4,,,8,,,6,,,1,,,,,,17,,,17,,,1,,,,,,2,,,2,,,8,,,4,,,12,,,11,,,3,,,1,,,7,,,4,,,7,,,6,,,1,,,,,,2,,,1,,,2,,,1,,,2,,,1,,,4,,,3,,,,,,,,,1,,,,,,3,,,1,,,7,,,4,,,1,,,1,,,23,,,15,,,,,,,,,1,,,1,,,7,,,6,,,5,,,2,,,3,,,2,,,15,,,11,,,,,,,,,2,,,2,,,8,,,7,,,5,,,3,,,34,,,538,,,366,,,232,,,220,,,58,,,50,,,19,,,15,,,147,,,119,,,7,,,5,,,70,,,61,,,238,,,212,,,288,,,236,,,36,,,29,,,80,,,60,,,847,,,572,,,235,,,131,,,160,,,120,,,403,,,274,,,24,,,21,,,8,,,5,,,9,,,9,,,61,,,2861,,,2139,,,,1,,,1,,204,,,175,,,12,,,8,,,172,,,172,,,40,,,34,,,13,,,9,,,252,,,168,,,57,,,36,,,74,,,52,,,50,,,45,,,319,,,270,,,,1,,,1,,7,,,2,,,371,,,273,,,49,,,1571,,,1244,,,94,,,78,,,18,,,16,,,255,,,193,,,11,,,10,,,220,,,191,,,,1,,13,,,27,,,598,,,488,,
17263,23031,2934,1,1665,,,36,,,Bodleian-1665-36-recto,,,22,,,August,,,29,,,August,,,16,,,12,,,25,,,21,,,2,,,,,,21,,,10,,,1,,,1,,,11,,,9,,,8,,,7,,,7,,,5,,,44,,,40,,,38,,,22,,,1,,,,,,18,,,14,,,35,,,29,,,21,,,13,,,41,,,31,,,4,,,2,,,3,,,3,,,4,,,3,,,2,,,2,,,1,,,1,,,41,,,29,,,,,,,,,2,,,2,,,43,,,37,,,,,,,,,1,,,1,,,3,,,2,,,9,,,5,,,2,,,1,,,23,,,18,,,1,,,,,,14,,,13,,,,,,,,,,,,,,,32,,,25,,,7,,,6,,,9,,,6,,,6,,,4,,,6,,,5,,,,,,,,,1,,,1,,,9,,,5,,,8,,,5,,,12,,,8,,,18,,,9,,,,,,,,,34,,,30,,,4,,,4,,,1,,,,,,3,,,3,,,2,,,1,,,1,,,,,,5,,,4,,,11,,,7,,,8,,,6,,,6,,,4,,,5,,,5,,,1,,,,,,2,,,1,,,5,,,3,,,22,,,18,,,5,,,4,,,1,,,,,,2,,,1,,,2,,,,,,9,,,6,,,10,,,9,,,5,,,4,,,23,,,22,,,1,,,1,,,8,,,7,,,6,,,5,,,19,,,18,,,3,,,1,,,6,,,3,,,18,,,11,,,,,,,,,14,,,11,,,8,,,6,,,2,,,2,,,4,,,4,,,1,,,1,,,5,,,3,,,6,,,6,,,9,,,6,,,8,,,4,,,23,,,17,,,2,,,2,,,1,,,,,,4,,,1,,,10,,,7,,,1,,,1,,,36,,,29,,,1,,,,,,4,,,2,,,12,,,10,,,4,,,3,,,29,,,933,,,700,,,399,,,380,,,72,,,65,,,12,,,8,,,181,,,152,,,12,,,9,,,91,,,80,,,374,,,346,,,316,,,280,,,53,,,42,,,147,,,120,,,842,,,605,,,321,,,209,,,319,,,261,,,447,,,336,,,27,,,22,,,5,,,4,,,9,,,9,,,61,,,3627,,,2928,,,,1,,,1,,170,,,146,,,10,,,7,,,142,,,122,,,87,,,71,,,25,,,17,,,280,,,238,,,108,,,78,,,121,,,104,,,69,,,66,,,496,,,462,,,,1,,,1,,7,,,6,,,530,,,442,,,58,,,2045,,,1759,,,110,,,82,,,24,,,21,,,387,,,287,,,25,,,16,,,345,,,309,,,,1,,8,,,21,,,891,,,715,,
17264,23032,3050,1,1665,,,37,,,Bodleian-1665-37-recto,,,29,,,August,,,5,,,September,,,12,,,9,,,31,,,23,,,2,,,1,,,21,,,9,,,,,,,,,17,,,16,,,7,,,6,,,14,,,11,,,46,,,40,,,40,,,22,,,6,,,3,,,30,,,24,,,48,,,37,,,30,,,24,,,47,,,36,,,10,,,9,,,1,,,1,,,2,,,2,,,5,,,2,,,1,,,1,,,30,,,21,,,,,,,,,3,,,1,,,68,,,61,,,8,,,7,,,3,,,1,,,1,,,1,,,11,,,6,,,1,,,,,,13,,,9,,,7,,,4,,,14,,,12,,,4,,,4,,,1,,,,,,22,,,20,,,10,,,10,,,8,,,5,,,7,,,4,,,10,,,9,,,,,,,,,8,,,7,,,17,,,10,,,23,,,19,,,6,,,4,,,20,,,14,,,2,,,,,,35,,,33,,,8,,,6,,,10,,,8,,,3,,,3,,,9,,,3,,,,,,,,,5,,,2,,,15,,,15,,,7,,,7,,,9,,,8,,,7,,,4,,,,,,,,,7,,,5,,,3,,,2,,,14,,,12,,,5,,,5,,,1,,,,,,3,,,2,,,,,,,,,16,,,14,,,16,,,15,,,6,,,4,,,25,,,23,,,,,,,,,5,,,3,,,24,,,21,,,19,,,11,,,11,,,7,,,5,,,5,,,17,,,12,,,1,,,1,,,4,,,4,,,10,,,8,,,3,,,2,,,1,,,1,,,,,,,,,8,,,8,,,8,,,7,,,12,,,10,,,5,,,4,,,23,,,18,,,4,,,1,,,6,,,3,,,4,,,2,,,8,,,7,,,2,,,2,,,47,,,38,,,2,,,1,,,4,,,2,,,11,,,7,,,3,,,3,,,34,,,1118,,,854,,,356,,,345,,,48,,,42,,,23,,,21,,,219,,,189,,,18,,,17,,,93,,,79,,,443,,,439,,,368,,,299,,,86,,,74,,,162,,,150,,,690,,,567,,,439,,,264,,,374,,,339,,,344,,,264,,,40,,,33,,,23,,,19,,,10,,,10,,,64,,,3736,,,3151,,,,1,1,,1,1,202,,,178,,,13,,,10,,,137,,,119,,,117,,,87,,,31,,,21,,,300,,,276,,,146,,,116,,,171,,,146,,,94,,,94,,,586,,,540,,,,1,1,,1,1,11,,,8,,,741,,,666,,,49,,,2549,,,2261,,,142,,,114,,,32,,,26,,,303,,,230,,,24,,,21,,,348,,,321,,,,1,,12,,,20,,,849,,,712,,
17265,23033,3030,1,1665,,,38,,,Bodleian-1665-38-recto,,,5,,,September,,,12,,,September,,,12,,,7,,,42,,,32,,,,,,,,,41,,,32,,,1,,,1,,,19,,,17,,,7,,,5,,,13,,,8,,,45,,,40,,,31,,,13,,,2,,,1,,,25,,,19,,,46,,,35,,,31,,,25,,,64,,,56,,,2,,,1,,,4,,,3,,,6,,,5,,,5,,,3,,,5,,,4,,,30,,,19,,,,,,,,,5,,,2,,,43,,,39,,,4,,,4,,,3,,,3,,,2,,,2,,,13,,,12,,,2,,,2,,,18,,,10,,,11,,,8,,,9,,,7,,,1,,,,,,,,,,,,28,,,19,,,8,,,6,,,22,,,20,,,12,,,8,,,3,,,3,,,,,,,,,3,,,1,,,26,,,22,,,42,,,33,,,3,,,1,,,17,,,13,,,2,,,1,,,23,,,20,,,9,,,8,,,7,,,6,,,3,,,2,,,9,,,6,,,8,,,4,,,5,,,4,,,12,,,7,,,9,,,7,,,2,,,1,,,1,,,,,,2,,,,,,5,,,4,,,8,,,7,,,19,,,18,,,6,,,5,,,3,,,1,,,3,,,2,,,,,,,,,14,,,10,,,12,,,11,,,4,,,4,,,36,,,35,,,,,,,,,1,,,,,,16,,,13,,,13,,,9,,,12,,,8,,,13,,,11,,,11,,,9,,,3,,,2,,,11,,,10,,,7,,,2,,,9,,,7,,,8,,,7,,,3,,,2,,,7,,,6,,,3,,,3,,,14,,,13,,,4,,,3,,,19,,,12,,,,,,,,,5,,,4,,,8,,,3,,,10,,,9,,,7,,,6,,,36,,,31,,,2,,,1,,,2,,,2,,,10,,,8,,,12,,,11,,,42,,,1154,,,896,,,255,,,235,,,32,,,21,,,19,,,19,,,177,,,149,,,22,,,19,,,70,,,61,,,584,,,570,,,354,,,298,,,60,,,50,,,154,,,140,,,504,,,401,,,478,,,307,,,419,,,394,,,284,,,206,,,50,,,44,,,14,,,10,,,12,,,12,,,58,,,3488,,,2936,,,,1,,,1,,167,,,156,,,11,,,9,,,94,,,73,,,97,,,61,,,46,,,37,,,235,,,210,,,190,,,172,,,156,,,149,,,66,,,62,,,428,,,400,,,,1,,,1,,18,,,16,,,742,,,685,,,43,,,2250,,,2030,,,124,,,98,,,29,,,26,,,277,,,214,,,19,,,13,,,349,,,331,,,,1,,9,,,25,,,798,,,682,,
17266,23034,3053,1,1665,,,39,,,Bodleian-1665-39-recto,,,12,,,September,,,19,,,September,,,23,,,19,,,41,,,32,,,4,,,3,,,59,,,53,,,1,,,,,,29,,,26,,,8,,,7,,,16,,,10,,,41,,,30,,,25,,,13,,,6,,,5,,,25,,,22,,,63,,,54,,,33,,,28,,,79,,,65,,,6,,,5,,,2,,,2,,,3,,,3,,,1,,,,,,5,,,4,,,35,,,15,,,1,,,,,,4,,,4,,,55,,,48,,,6,,,5,,,3,,,3,,,10,,,3,,,20,,,10,,,4,,,4,,,16,,,6,,,7,,,6,,,10,,,9,,,6,,,3,,,5,,,3,,,32,,,23,,,8,,,8,,,29,,,26,,,13,,,11,,,7,,,6,,,,,,,,,3,,,2,,,44,,,36,,,35,,,31,,,8,,,6,,,22,,,17,,,5,,,4,,,34,,,32,,,7,,,6,,,8,,,8,,,5,,,5,,,17,,,13,,,5,,,3,,,13,,,9,,,20,,,16,,,11,,,10,,,4,,,2,,,9,,,8,,,2,,,1,,,12,,,8,,,9,,,9,,,36,,,34,,,2,,,1,,,2,,,2,,,9,,,6,,,1,,,1,,,21,,,11,,,9,,,7,,,8,,,3,,,64,,,61,,,1,,,1,,,5,,,3,,,16,,,11,,,17,,,12,,,14,,,11,,,10,,,10,,,11,,,6,,,4,,,3,,,20,,,17,,,6,,,2,,,6,,,3,,,4,,,2,,,8,,,7,,,14,,,13,,,12,,,9,,,20,,,18,,,7,,,5,,,23,,,17,,,2,,,2,,,4,,,3,,,10,,,6,,,12,,,12,,,6,,,6,,,47,,,40,,,5,,,5,,,11,,,9,,,19,,,17,,,13,,,13,,,40,,,1493,,,1189,,,271,,,247,,,21,,,17,,,14,,,12,,,236,,,180,,,32,,,31,,,68,,,62,,,623,,,589,,,294,,,256,,,88,,,79,,,195,,,176,,,456,,,373,,,530,,,363,,,427,,,403,,,301,,,214,,,57,,,52,,,12,,,10,,,6,,,6,,,65,,,3631,,,3070,,,,1,,,1,,140,,,125,,,22,,,18,,,77,,,67,,,93,,,66,,,48,,,43,,,183,,,173,,,207,,,180,,,155,,,152,,,68,,,66,,,532,,,502,,,,1,,,1,,17,,,13,,,716,,,686,,,42,,,2286,,,2091,,,168,,,140,,,30,,,29,,,286,,,228,,,20,,,19,,,411,,,399,,,,1,,7,,,29,,,915,,,815,,
17301,23039,3040,1,1665,,,44,,,Bodleian-1665-44-recto,,,17,,,October,,,24,,,October,,,5,,,3,,,17,,,16,,,,,,,,,15,,,14,,,,,,,,,4,,,4,,,1,,,1,,,4,,,2,,,7,,,5,,,5,,,,,,2,,,,,,5,,,4,,,8,,,7,,,6,,,6,,,17,,,13,,,,,,,,,,,,,,,5,,,4,,,2,,,1,,,2,,,2,,,6,,,5,,,1,,,,,,3,,,3,,,17,,,12,,,4,,,4,,,2,,,1,,,2,,,1,,,10,,,7,,,1,,,1,,,5,,,2,,,3,,,1,,,2,,,2,,,2,,,1,,,,,,,,,5,,,4,,,,,,,,,10,,,8,,,9,,,8,,,4,,,2,,,,,,,,,6,,,5,,,10,,,8,,,13,,,10,,,1,,,,,,9,,,6,,,4,,,3,,,7,,,5,,,5,,,4,,,4,,,3,,,,,,,,,3,,,2,,,1,,,1,,,5,,,5,,,3,,,3,,,1,,,,,,1,,,,,,,,,,,,,,,,,,2,,,2,,,2,,,1,,,11,,,10,,,,,,,,,6,,,4,,,1,,,,,,,,,,,,4,,,3,,,2,,,1,,,,,,,,,8,,,6,,,,,,,,,1,,,,,,2,,,1,,,2,,,1,,,4,,,4,,,8,,,8,,,9,,,7,,,4,,,2,,,5,,,3,,,6,,,4,,,1,,,1,,,1,,,1,,,1,,,1,,,2,,,2,,,4,,,2,,,5,,,4,,,2,,,2,,,6,,,4,,,1,,,1,,,3,,,3,,,1,,,,,,4,,,3,,,,,,,,,12,,,10,,,2,,,2,,,,,,,,,3,,,2,,,3,,,1,,,21,,,392,,,295,,,46,,,32,,,,,,,,,6,,,5,,,24,,,17,,,3,,,2,,,16,,,15,,,99,,,82,,,41,,,30,,,28,,,21,,,22,,,18,,,56,,,28,,,102,,,73,,,106,,,101,,,40,,,19,,,11,,,10,,,2,,,2,,,1,,,1,,,34,,,603,,,456,,,,1,,,1,,44,,,38,,,6,,,5,,,15,,,6,,,26,,,19,,,29,,,28,,,28,,,20,,,66,,,51,,,24,,,24,,,8,,,8,,,60,,,46,,,,1,,,1,,13,,,7,,,282,,,246,,,35,,,601,,,498,,,36,,,30,,,13,,,8,,,60,,,38,,,3,,,3,,,98,,,93,,,,1,,2,,,14,,,210,,,172,,
17302,23040,3041,1,1665,,,46,,,Bodleian-1665-46-recto,,,31,,,October,,,7,,,November,,,3,,,3,,,22,,,19,,,1,,,1,,,12,,,11,,,,,,,,,8,,,7,,,1,,,,,,5,,,5,,,17,,,14,,,1,,,,,,6,,,3,,,9,,,7,,,8,,,4,,,5,,,4,,,18,,,13,,,,,,,,,,,,,,,2,,,2,,,2,,,1,,,1,,,1,,,7,,,5,,,,,,,,,5,,,5,,,13,,,12,,,2,,,2,,,3,,,1,,,3,,,1,,,7,,,5,,,,,,,,,1,,,,,,2,,,1,,,,,,,,,4,,,4,,,4,,,1,,,9,,,8,,,1,,,1,,,4,,,3,,,10,,,8,,,8,,,3,,,,,,,,,1,,,1,,,6,,,6,,,12,,,10,,,2,,,1,,,11,,,8,,,2,,,2,,,5,,,3,,,2,,,1,,,4,,,4,,,1,,,,,,9,,,6,,,2,,,1,,,4,,,4,,,7,,,3,,,9,,,7,,,,,,,,,2,,,2,,,,,,,,,4,,,4,,,1,,,1,,,15,,,12,,,1,,,,,,1,,,1,,,,,,,,,2,,,2,,,6,,,5,,,1,,,1,,,,,,,,,7,,,7,,,3,,,2,,,1,,,,,,6,,,5,,,2,,,1,,,3,,,1,,,5,,,5,,,3,,,1,,,,,,,,,4,,,3,,,4,,,3,,,1,,,,,,4,,,3,,,1,,,1,,,5,,,4,,,4,,,3,,,11,,,7,,,1,,,1,,,1,,,1,,,1,,,,,,1,,,1,,,5,,,3,,,4,,,2,,,3,,,2,,,10,,,9,,,1,,,1,,,3,,,1,,,5,,,4,,,4,,,3,,,23,,,418,,,314,,,43,,,36,,,4,,,4,,,3,,,3,,,24,,,16,,,3,,,3,,,15,,,14,,,85,,,68,,,34,,,24,,,20,,,13,,,26,,,22,,,48,,,39,,,86,,,67,,,113,,,108,,,27,,,16,,,10,,,8,,,5,,,4,,,,,,,,,32,,,546,,,445,,,,1,,,1,,32,,,24,,,11,,,9,,,12,,,5,,,13,,,8,,,51,,,39,,,28,,,21,,,80,,,57,,,22,,,16,,,6,,,4,,,57,,,40,,,,1,,,1,,15,,,12,,,282,,,253,,,28,,,609,,,488,,,38,,,28,,,5,,,3,,,61,,,37,,,8,,,7,,,102,,,92,,,,,,,,,12,,,214,,,167,,
17303,23041,3051,1,1665,,,47,,,Bodleian-1665-47-recto,,,7,,,November,,,14,,,November,,,2,,,2,,,12,,,10,,,1,,,1,,,7,,,7,,,,,,,,,3,,,3,,,1,,,,,,7,,,6,,,10,,,10,,,2,,,1,,,2,,,1,,,4,,,3,,,5,,,3,,,4,,,3,,,13,,,12,,,,,,,,,,,,,,,4,,,4,,,1,,,1,,,2,,,1,,,3,,,3,,,,,,,,,6,,,4,,,10,,,8,,,1,,,1,,,3,,,,,,1,,,,,,5,,,4,,,5,,,3,,,3,,,1,,,2,,,1,,,3,,,3,,,6,,,6,,,5,,,4,,,8,,,5,,,,,,,,,3,,,3,,,12,,,8,,,9,,,5,,,,,,,,,3,,,,,,7,,,7,,,15,,,9,,,2,,,1,,,5,,,5,,,2,,,2,,,6,,,6,,,3,,,3,,,3,,,3,,,1,,,1,,,3,,,2,,,1,,,,,,5,,,3,,,3,,,,,,,,,,,,1,,,1,,,1,,,,,,,,,,,,6,,,6,,,,,,,,,9,,,9,,,,,,,,,3,,,2,,,1,,,,,,,,,,,,3,,,3,,,1,,,,,,1,,,,,,12,,,7,,,2,,,,,,,,,,,,8,,,7,,,1,,,,,,2,,,2,,,8,,,6,,,3,,,3,,,1,,,,,,3,,,2,,,3,,,2,,,1,,,1,,,,,,,,,3,,,3,,,2,,,2,,,2,,,2,,,9,,,7,,,,,,,,,1,,,,,,,,,,,,1,,,1,,,4,,,3,,,4,,,4,,,,,,,,,13,,,13,,,1,,,1,,,4,,,2,,,5,,,3,,,3,,,1,,,29,,,346,,,262,,,38,,,28,,,1,,,,,,4,,,4,,,18,,,10,,,1,,,1,,,6,,,5,,,55,,,44,,,23,,,17,,,20,,,17,,,13,,,13,,,34,,,23,,,65,,,44,,,79,,,77,,,26,,,13,,,10,,,9,,,3,,,3,,,1,,,1,,,30,,,397,,,309,,,,1,,,1,,26,,,21,,,2,,,2,,,12,,,4,,,14,,,9,,,54,,,46,,,19,,,14,,,42,,,36,,,7,,,5,,,10,,,9,,,46,,,29,,,,1,,,1,,13,,,10,,,215,,,191,,,34,,,460,,,376,,,32,,,19,,,5,,,2,,,50,,,23,,,3,,,2,,,66,,,57,,,,,,,,,20,,,156,,,103,,
17304,23042,3052,1,1665,,,48,,,Bodleian-1665-48-recto,,,14,,,November,,,21,,,November,,,2,,,1,,,7,,,6,,,,,,,,,6,,,5,,,,,,,,,5,,,2,,,,,,,,,3,,,1,,,5,,,5,,,4,,,2,,,2,,,,,,,,1,1,,,4,,,3,,,4,,,3,,,5,,,2,,,1,,,,,,1,,,,,,3,,,1,,,,,,,,,,,,,,,1,,,1,,,,,,,,,4,,,3,,,,,1,3,,,,,,,,,1,,,1,,,2,,,,,,4,,,3,,,5,,,3,,,2,,,,,,,,,,,,2,,,2,,,2,,,1,,,3,,,2,,,4,,,4,,,1,,,,,,1,,,1,,,5,,,3,,,5,,,3,,,,,,,,,,,,,,,8,,,7,,,8,,,6,,,,,,,,,3,,,2,,,,,,,,,3,,,2,,,1,,,1,,,1,,,1,,,,,,,,,1,,,1,,,,,,,,,,,,,,,,,,,,,3,,,3,,,,,,,,,1,,,,,,1,,,,,,4,,,2,,,1,,,,,,5,,,5,,,,,,,,,,,,,,,3,,,2,,,,,,,,,2,,,,,,1,,,1,,,,,,,,,5,,,3,,,,,,,,,,,,,,,4,,,4,,,2,,,1,,,,,,,,,1,,,1,,,4,,,2,,,,,,,,,2,,,1,,,1,,,,,,,,,,,,1,,,1,,,3,,,1,,,4,,,3,,,1,,,1,,,1,,,,,,1,,,1,,,1,,,,,,,,,,,,,,,,,,,,,,,,,,,,,,,,,,,,9,,,8,,,,,,,,,3,,,2,,,1,,,1,,,4,,,2,,,27,,,195,,,127,,,25,,,18,,,3,,,2,,,2,,,1,,,14,,,6,,,2,,,2,,,7,,,6,,,33,,,24,,,14,,,11,,,16,,,9,,,11,,,8,,,28,,,17,,,47,,,29,,,68,,,65,,,14,,,9,,,9,,,8,,,3,,,,,,2,,,2,,,31,,,298,,,217,,,,1,,,1,,22,,,16,,,4,,,3,,,8,,,2,,,9,,,7,,,36,,,35,,,10,,,6,,,27,,,19,,,,,1,1,,,6,,,3,,,35,,,30,,,,1,,,1,,13,,,10,,,129,,,103,,,29,,,302,,,235,,,15,,,7,,,5,,,2,,,38,,,15,,,6,,,4,,,46,,,45,,,,,,,,,21,,,110,,,73,,
17305,23043,3054,1,1665,,,49,,,Bodleian-1665-49-recto,,,21,,,November,,,28,,,November,,,2,,,1,,,8,,,4,,,,,,,,,7,,,5,,,,,,,,,2,,,2,,,,,,,,,1,,,,,,3,,,2,,,,,,,,,,,,,,,1,,,1,,,2,,,1,,,1,,,,,,5,,,4,,,1,,,1,,,,,,,,,2,,,2,,,,,,,,,2,,,2,,,1,,,,,,,,,,,,1,,,,,,12,,,5,,,,,,,,,1,,,1,,,3,,,,,,8,,,6,,,,,,,,,1,,,1,,,1,,,1,,,1,,,1,,,,,,,,,,,,,,,3,,,1,,,1,,,1,,,2,,,2,,,3,,,2,,,4,,,3,,,,,,,,,,,,,,,1,,,1,,,5,,,4,,,,,,,,,1,,,1,,,,,,,,,2,,,1,,,1,,,1,,,,,,,,,1,,,1,,,,,,,,,,,,,,,,,,,,,,,,,,,4,,,3,,,,,,,,,1,,,,,,,,,,,,1,,,,,,,,,,,,5,,,3,,,,,,,,,,,,,,,1,,,,,,,,,,,,2,,,,,,,,,,,,,,,,,,4,,,4,,,,,,,,,,,,,,,1,,,1,,,1,,,,,,1,,,,,,4,,,2,,,,,,,,,,,,,,,1,,,1,,,1,,,1,,,1,,,,,,,,,,,,,,,,,,,,,,,,,,,,,,3,,,,,,,,,,,,3,,,1,,,1,,,1,,,,,,,,,3,,,2,,,,,,,,,2,,,1,,,4,,,4,,,,,,,,,1,,,,,,,,,,,,,,,,,,31,,,136,,,82,,,15,,,10,,,2,,,2,,,1,,,1,,,11,,,2,,,2,,,1,,,,,,,,,22,,,8,,,8,,,5,,,8,,,5,,,3,,,2,,,10,,,2,,,26,,,18,,,28,,,22,,,16,,,3,,,,,,,,,2,,,,,,2,,,1,,,35,,,156,,,82,,,,1,,,1,,13,,,4,,,4,,,3,,,9,,,3,,,7,,,5,,,10,,,6,,,6,,,2,,,14,,,8,,,5,,,3,,,7,,,4,,,11,,,4,,,,1,,,1,,9,,,8,,,83,,,75,,,27,,,178,,,125,,,11,,,4,,,4,,,2,,,25,,,13,,,3,,,3,,,31,,,22,,,,1,,1,,,19,,,74,,,44,,
17306,23044,2935,1,1665,,,50,,,Bodleian-1665-50-recto,,,28,,,November,,,5,,,December,,,,,,,,,,,,,,,,,,,,,1,,,,,,,,,,,,4,,,,,,,,,,,,3,,,,,,1,,,,,,1,,,,,,1,,,,,,1,,,,,,,,,,,,,,,,,,3,,,1,,,,,,,,,1,,,,,,1,,,1,,,,,,,,,1,,,1,,,2,,,,,,,,,,,,,,,,,,,,,,,,1,,,,,,,,,,,,,,,,,,2,,,2,,,,,,,,,,,,,,,2,,,1,,,,,,,,,1,,,,,,,,,,,,1,,,,,,1,,,,,,1,,,1,,,1,,,,,,1,,,1,,,,,,,,,1,,,,,,,,,,,,2,,,1,,,4,,,3,,,1,,,1,,,,,,,,,3,,,1,,,,,,,,,,,,,,,,,,,,,,,,,,,,,,,,,1,,,,,,1,,,,,,1,,,1,,,,,,,,,,,,,,,,,,,,,1,,,1,,,,,,,,,3,,,2,,,,,,,,,,,,,,,,,,,,,,,,,,,3,,,1,,,,,,,,,,,,,,,2,,,,,,,,,,,,,,,,,,,,,,,,1,,,,,,2,,,1,,,1,,,1,,,1,,,,,,,,,,,,1,,,1,,,,,,,,,1,,,,,,,,,,,,,,,,,,,,,,,,1,,,,,,3,,,1,,,,,,,,,,,,,,,1,,,,,,,,,,,,1,,,,,,,,,,,,,,,,,,1,,,1,,,1,,,,,,,,,,,,1,,,,,,1,,,,,,37,,,71,,,24,,,14,,,2,,,1,,,1,,,1,,,,,,6,,,1,,,3,,,2,,,2,,,,,,17,,,7,,,10,,,5,,,3,,,2,,,7,,,3,,,15,,,3,,,20,,,13,,,22,,,20,,,12,,,2,,,2,,,,,,3,,,2,,,1,,,1,,,32,,,139,,,64,,,,1,,,1,,8,,,4,,,1,,,,,,5,,,2,,,9,,,3,,,12,,,8,,,6,,,2,,,24,,,12,,,5,,,2,,,2,,,1,,,17,,,11,,,,1,,,1,,4,,,2,,,67,,,43,,,33,,,160,,,90,,,4,,,1,,,4,,,4,,,24,,,13,,,,,,,,,26,,,14,,,,1,,1,,,21,,,58,,,32,,
17337,23045,2953,1,1665,,,51,,,Bodleian-1665-51-recto,,,5,,,December,,,12,,,December,,,1,,,,,,1,,,,,,,,,,,,,,,,,,,,,,,,,,,,,,2,,,2,,,,,,,,,4,,,1,,,1,,,1,,,3,,,2,,,,,,,,,1,,,,,,2,,,1,,,2,,,2,,,,,,,,,,,,,,,,,,,,,,,,,,,2,,,2,,,2,,,1,,,,,,,,,1,,,1,,,3,,,1,,,1,,,1,,,,,,,,,,,,,,,3,,,1,,,,,,,,,,,,,,,1,,,1,,,,,,,,,,,,,,,,,,,,,1,,,1,,,,,,,,,2,,,1,,,6,,,2,,,3,,,3,,,,,,,,,,,,,,,1,,,,,,4,,,3,,,,,,,,,1,,,,,,,,,,,,1,,,1,,,,,,,,,2,,,2,,,,,,,,,,,,,,,,,,,,,5,,,5,,,,,,,,,,,,,,,1,,,1,,,1,,,,,,,,,,,,3,,,3,,,1,,,1,,,2,,,2,,,,,,,,,3,,,1,,,,,,,,,,,,,,,2,,,2,,,,,,,,,,,,,,,1,,,,,,,,,,,,,,,,,,1,,,1,,,,,,,,,,,,,,,3,,,2,,,1,,,,,,1,,,,,,,,,,,,,,,,,,,,,,,,,,,,,,,,,,,,,,,,,,,,,,,,8,,,6,,,,,,,,,,,,,,,,,,,,,,,,,,,3,,,,,,2,,,,,,,,,,,,2,,,2,,,,,,,,,1,,,1,,,1,,,,,,1,,,,,,31,,,94,,,57,,,13,,,7,,,,,,,,,,,,,,,7,,,4,,,,,,,,,7,,,4,,,18,,,16,,,13,,,3,,,3,,,2,,,2,,,,,,11,,,3,,,24,,,16,,,23,,,13,,,8,,,,,,3,,,2,,,,,,,,,,,,,,,51,,,132,,,70,,,,1,1,,1,1,11,,,5,,,3,,,,,,3,,,,,,5,,,2,,,11,,,6,,,8,,,2,,,15,,,7,,,3,,,2,,,4,,,1,,,18,,,7,,,,1,1,,1,1,5,,,4,,,61,,,38,,,38,,,147,,,74,,,14,,,10,,,3,,,1,,,24,,,15,,,1,,,1,,,27,,,15,,,,,,,,,13,,,69,,,42,,
17338,23046,2954,1,1665,,,52,,,Bodleian-1665-52-recto,,,12,,,December,,,19,,,December,,,1,,,1,,,2,,,,,,,,,,,,2,,,2,,,,,,,,,2,,,2,,,,,,,,,,,,,,,4,,,1,,,1,,,,,,,,,,,,4,,,2,,,4,,,2,,,3,,,2,,,1,,,1,,,,,,,,,,,,,,,,,,,,,,,,,,,2,,1,,,,2,,,,,,1,,,1,,,2,,,1,,,6,,,2,,,,,,,,,2,,,2,,,1,,,,,,6,,,4,,,3,,,2,,,,,,,,,2,,,2,,,3,,,2,,,1,,,1,,,2,,,2,,,2,,,,,,1,,,,,,,,,,,,1,,,1,,,,,,,,,,,,,,,,,,,,,4,,,,,,9,,,5,,,1,,,1,,,2,,,1,,,,,,,,,1,,,,,,,,,,,,,,,,,,2,,,2,,,1,,,,,,1,,,,,,2,,,1,,,2,,,,,,,,,,,,3,,,2,,,1,,,1,,,,,,,,,1,,,,,,,,,,,,3,,,1,,,,,,,,,,,,,,,,,,,,,,,,,,,4,,,2,,,1,,,1,,,,,,,,,2,,,,,,,,,,,,,,,,,,3,,,3,,,1,,,,,,2,,,,,,2,,,2,,,6,,,5,,,,,,,,,1,,,1,,,,,,,,,,,,,,,,,,,,,,,,,,,,,,,,,1,,,1,,,1,,,,,,1,,,1,,,,,,,,,1,,,,,,,,,,,,2,,,1,,,1,,,1,,,,,,,,,,,,,,,,,,,,,1,,,1,,,2,,,,,,,,,,,,39,,,126,,,66,,,13,,,4,,,3,,,,,,1,,,1,,,7,,,2,,,2,,,2,,,9,,,5,,,23,,,11,,,14,,,4,,,4,,,3,,,4,,,2,,,19,,,7,,,20,,,12,,,24,,,19,,,11,,,2,,,1,,,,,,,,,,,,1,,,1,,,48,,,156,,,75,,,,1,,,1,,7,,,2,,,4,,,1,,,6,,,1,,,7,,,4,,,23,,,21,,,6,,,4,,,25,,,13,,,10,,,3,,,4,,,1,,,16,,,7,,,,1,,,1,,8,,,5,,,71,,,44,,,39,,,187,,,106,,,10,,,4,,,4,,,2,,,12,,,6,,,6,,,3,,,24,,,19,,,,,,,,,21,,,56,,,34,,
17339,23047,2969,1,1666,,,1,,,Bodleian-1665-01-recto,,,19,,,December,,,26,,,December,,,2,,,,,,1,,,,,,,,,,,,3,,,2,,,,,,,,,,,,,,,,,,,,,1,,,1,,,,,,,,,,,,,,,,,,,,,,,,,,,2,,,1,,,1,,,1,,,6,,,3,,,,,,,,,,,,,,,1,,,,,,,,,,,,,,,,,,1,,,,,,,,,,,,1,,,1,,,1,,,,,,2,,,2,,,2,,,1,,,,,,,,,3,,,,,,1,,,,,,,,,,,,2,,,,,,,,,,,,,,,,,,,,,,,,,,,,,,,,,,,,1,,,1,,,1,,,,,,1,,,,,,,,,,,,,,,,,,2,,,1,,,1,,,,,,1,,,,,,1,,,1,,,,,,,,,1,,,,,,,,,,,,,,,,,,,,,,,,3,,,,,,,,,,,,1,,,,,,,,,,,,,,,,,,1,,,,,,1,,,1,,,,,,,,,,,,,,,1,,,,,,1,,,,,,,,,,,,1,,,,,,,,,,,,,,,,,,,,,,,,1,,,1,,,,,,,,,,,,,,,,,,,,,,,,,,,,,,,,,,,,,,,1,,,,,,2,,,2,,,1,,,1,,,,,,,,,,,,,,,,,,,,,2,,,1,,,1,,,1,,,1,,,,,,,,,,,,,,,,,,1,,,1,,,,,,,,,,,,,,,,,,,,,,,,,,,1,,,1,,,,,,,,,1,,,,,,2,,,2,,,,,,,,,2,,,1,,,,,,,,,,,,,,,17,,,64,,,27,,,13,,,6,,,1,,,,,,,,,,,,5,,,1,,,,,,,,,4,,,3,,,13,,,6,,,5,,,1,,,3,,,,,,4,,,4,,,16,,,3,,,17,,,9,,,30,,,22,,,6,,,2,,,4,,,2,,,1,,,,,,,,,,,,35,,,122,,,59,,,,1,1,,1,1,11,,,4,,,1,,,1,,,1,,,,,,4,,,1,,,6,,,4,,,6,,,1,,,10,,,3,,,5,,,3,,,,,,,,,8,,,4,,,,1,1,,1,1,2,,,2,,,43,,,28,,,22,,,97,,,51,,,9,,,1,,,3,,,,,,13,,,4,,,3,,,1,,,19,,,9,,,,,,,,,16,,,47,,,15,,
17340,23048,2970,1,1666,,,2,,,Bodleian-1665-02-recto,,,26,,,December,,,2,,,January,,,,,,,,,,,,,,,,,,,,,3,,,1,,,,,,,,,,,,,,,,,,,,,1,,,,,,1,,,1,,,1,,,1,,,,,,,,,,,,,,,1,,,1,,,1,,,,,,1,,,,,,,,,,,,,,,,,,1,,,,,,,,,,,,,,,,,,1,,,,,,,,,,,,1,,,,,,1,,,1,,,,,,,,,,,,,,,,,,,,,2,,,2,,,1,,,,,,,,,,,,1,,,1,,,1,,,,,,1,,,,,,,,,,,,1,,,,,,1,,,,,,,,,,,,2,,,,,,,,,,,,,,,,,,,,,,,,1,,,,,,,,,,,,1,,,,,,,,,,,,,,,,,,,,,,,,,,,,,,,,,,,,1,,,,,,,,,,,,1,,,1,,,,,,,,,2,,,,,,,,,,,,,,,,,,,,,,,,,,,,,,,,,,,,,,,,,,,,,,,,,,,,,,1,,,,,,1,,,,,,,,,,,,1,,,,,,,,,,,,,,,,,,,,,,,,,,,,,,,,,,,,2,,,,,,,,,,,,1,,,,,,1,,,1,,,1,,,,,,,,,,,,,,,,,,,,,,,,,,,,,,,,,,,,,,,,,,,,,,,,,,,,,,,,,,,,,,,,,,1,,,,,,,,,,,,,,,,,,1,,,1,,,1,,,1,,,,,,,,,3,,,2,,,,,,,,,,,,,,,,,,,,,,,,,,,27,,,43,,,14,,,12,,,4,,,1,,,,,,,,,,,,12,,,,,,1,,,1,,,2,,,,,,15,,,9,,,6,,,1,,,7,,,2,,,4,,,3,,,7,,,1,,,7,,,1,,,11,,,2,,,3,,,,,,2,,,,,,1,,,,,,,,,,,,44,,,91,,,24,,,,1,1,,1,1,6,,,2,,,,,,,,,3,,,1,,,1,,,,,,4,,,3,,,2,,,,,,9,,,1,,,1,,,,,,,,,,,,13,,,3,,,,1,1,,1,1,1,,,1,,,35,,,12,,,27,,,75,,,23,,,9,,,1,,,1,,,,,,18,,,5,,,1,,,,,,15,,,3,,,,,,,,,24,,,44,,,9,,
17341,23049,2973,1,1666,,,3,,,Bodleian-1665-03-recto,,,2,,,January,,,9,,,January,,,,,,,,,1,,,,,,,,,,,,2,,,,,,,,,,,,2,,,2,,,,,,,,,,,,,,,1,,,1,,,,,,,,,2,,,2,,,,,,,,,1,,,,,,1,,,1,,,3,,,2,,,,,,,,,,,,,,,2,,,1,,,,,,,,,,,,,,,,,,,,,,,,,,,3,,,2,,,1,,,,,,,,,,,,,,,,,,3,,,,,,1,,,1,,,,,,,,,,,,,,,,,,,,,,,,,,,,,,,,,,,,,,,1,,,,,,1,,,,,,,,,,,,2,,,,,,1,,,,,,,,,,,,,,,,,,,,,,,,,,,,,,,,,,,,2,,,1,,,,,,,,,,,,,,,1,,,,,,2,,,1,,,,,,,,,,,,,,,,,,,,,2,,,,,,1,,,,,,2,,,2,,,,,,,,,,,,,,,,,,,,,1,,,,,,,,,,,,3,,,1,,,,,,,,,1,,,,,,,,,,,,,,,,,,,,,,,,,,,,,,,,,,,,,,,,,,,,,,,,,,,,,,2,,,,,,2,,,1,,,1,,,,,,,,,,,,1,,,,,,,,,,,,,,,,,,,,,,,,1,,,,,,,,,,,,,,,,,,,,,,,,1,,,1,,,,,,,,,,,,,,,,,,,,,,,,,,,,,,,,,1,,,1,,,,,,,,,,,,,,,1,,,1,,,1,,,,,,1,,,,,,,,,,,,1,,,1,,,39,,,56,,,22,,,6,,,4,,,1,,,1,,,1,,,,,,7,,,2,,,,,,,,,,,,,,,10,,,3,,,7,,,1,,,6,,,2,,,1,,,,,,11,,,4,,,7,,,2,,,16,,,8,,,9,,,,,,1,,,,,,1,,,,,,,,,,,,47,,,84,,,27,,,,1,1,,1,1,10,,,1,,,1,,,,,,4,,,,,,4,,,,,,9,,,5,,,6,,,,,,10,,,5,,,3,,,,,,2,,,,,,13,,,3,,,,1,1,,1,1,5,,,3,,,31,,,16,,,40,,,98,,,33,,,6,,,1,,,1,,,,,,9,,,2,,,1,,,,,,10,,,4,,,,,,,,,20,,,27,,,7,,
17342,23050,2974,1,1666,,,4,,,Bodleian-1665-04-recto,,,9,,,January,,,16,,,January,,,,,,,,,1,,,,,,,,,,,,,,,,,,,,,,,,2,,,2,,,,,,,,,1,,,,,,2,,,1,,,1,,,,,,,,,,,,1,,,1,,,3,,,2,,,1,,,,,,2,,,1,,,,,,,,,1,,,1,,,,,,,,,1,,,1,,,1,,,,,,,,,,,,,,,,,,1,,,,,,2,,,1,,,,,,,,,1,,,1,,,1,,,1,,,2,,,2,,,1,,,1,,,1,,,1,,,,,,,,,,,,,,,,,,,,,,,,,,,1,,,,,,,,,,,,3,,,2,,,,,,,,,1,,,1,,,,,,,,,1,,,,,,3,,,3,,,1,,,1,,,,,,,,,1,,,1,,,1,,,,,,,,,,,,,,,,,,,,,,,,,,,,,,1,,,,,,3,,,1,,,1,,,,,,,,,,,,,,,,,,1,,,,,,,,,,,,,,,,,,1,,,1,,,,,,,,,3,,,,,,,,,,,,,,,,,,1,,,,,,,,,,,,,,,,,,2,,,1,,,,,,,,,3,,,,,,,,,,,,,,,,,,1,,,1,,,1,,,,,,1,,,1,,,1,,,1,,,3,,,1,,,,,,,,,,,,,,,1,,,,,,,,,,,,,,,,,,,,,,,,,,,,,,,,,,,,2,,,2,,,,,,,,,,,,,,,,,,,,,,,,,,,,,,,,,,,,,,,,,,,,,4,,,2,,,1,,,,,,,,,,,,1,,,,,,,,,,,,35,,,70,,,35,,,9,,,7,,,,,,,,,2,,,,,,10,,,2,,,1,,,,,,3,,,,,,13,,,6,,,6,,,,,,4,,,3,,,4,,,,,,17,,,3,,,17,,,4,,,29,,,21,,,13,,,5,,,2,,,1,,,,,,,,,1,,,1,,,41,,,131,,,53,,,,1,1,,1,1,14,,,6,,,1,,,,,,3,,,1,,,4,,,,,,10,,,6,,,5,,,1,,,12,,,7,,,3,,,,,,5,,,,,,8,,,4,,,,1,1,,1,1,8,,,8,,,50,,,29,,,37,,,123,,,62,,,7,,,,,,2,,,,,,23,,,3,,,1,,,,,,18,,,5,,,,,,,,,22,,,51,,,8,,
17343,23051,2975,1,1666,,,5,,,Bodleian-1665-05-recto,,,16,,,January,,,23,,,January,,,1,,,,,,5,,,,,,,,,,,,2,,,1,,,1,,,,,,,,,,,,,,,,,,2,,,,,,2,,,1,,,1,,,,,,,,,,,,1,,,1,,,2,,,,,,5,,,1,,,2,,,,,,,,,,,,,,,,,,,,,,,,2,,,,,,,,,,,,,,,,,,1,,,,,,1,,,1,,,2,,,,,,,,,,,,,,,,,,,,,,,,1,,,,,,3,,,3,,,2,,,1,,,,,,,,,,,,,,,,,,,,,,,,,,,,,,,,,2,,,,,,3,,,1,,,,,,,,,1,,,,,,,,,,,,,,,,,,1,,,,,,3,,,2,,,,,,,,,3,,,3,,,,,,,,,,,,,,,1,,,,,,,,,,,,,,,,,,1,,,,,,2,,,,,,,,,,,,,,,,,,,,,,,,,,,,,,,,,,,,,,,,,,,,,,,,,,,,,,1,,,1,,,,,,,,,1,,,,,,,,,,,,,,,,,,1,,,,,,,,,,,,,,,,,,1,,,,,,1,,,,,,,,,,,,,,,,,,,,,,,,,,,,,,1,,,,,,3,,,,,,,,,,,,,,,,,,1,,,,,,,,,,,,1,,,,,,1,,,,,,,,,,,,,,,,,,,,,,,,,,,,,,,,,,,,,,,,,,,,,,,,,,,,,,,,,,,,,,,,,,2,,,,,,,,,,,,2,,,,,,,,,,,,,,,,,,31,,,69,,,16,,,7,,,2,,,2,,,,,,,,,,,,5,,,1,,,,,,,,,,,,,,,14,,,4,,,4,,,1,,,2,,,,,,2,,,,,,18,,,5,,,11,,,1,,,9,,,6,,,4,,,2,,,2,,,1,,,1,,,,,,1,,,1,,,59,,,82,,,24,,,,1,1,,1,1,12,,,,,,1,,,1,,,3,,,1,,,2,,,1,,,8,,,8,,,6,,,1,,,5,,,2,,,3,,,0,,,2,,,,,,7,,,,,,,1,1,,1,1,5,,,2,,,35,,,18,,,34,,,89,,,34,,,4,,,,,,,,,,,,11,,,2,,,,,,,,,17,,,3,,,,,,,,,25,,,32,,,5,,
17344,23052,2990,1,1666,,,6,,,Bodleian-1665-06-recto,,,23,,,January,,,30,,,January,,,,,,,,,4,,,2,,,,,,,,,,,,,,,,,,,,,2,,,2,,,,,,,,,,,,,,,1,,,1,,,1,,,,,,,,,,,,,,,,,,,,,,,,,,,,,,2,,,1,,,,,,,,,,,,,,,,,,,,,,,,,,,1,,,,,,1,,,,,,,,,,,,,,,,,,,,,,,,,,,,,,1,,,1,,,,,,,,,2,,,,,,1,,,1,,,,,,,,,1,,,,,,1,,,,,,,,,,,,1,,,,,,1,,,,,,,,,,,,1,,,1,,,,,,,,,,,,,,,,,,,,,,,,,,,1,,,,,,3,,,1,,,,,,,,,1,,,1,,,,,,,,,2,,,1,,,1,,,,,,1,,,1,,,,,,,,,,,,,,,,,,,,,1,,,1,,,1,,,,,,1,,,1,,,,,,,,,,,,,,,,,,,,,1,,,,,,1,,,1,,,1,,,,,,,,,,,,,,,,,,1,,,1,,,,,,,,,1,,,,,,,,,,,,,,1,,,,,,,,,,1,,,,,,,,,,,,,,,,,,2,,,,,,,,,,,,,,,,,,1,,,,,,1,,,,,,1,,,,,,,,,,,,,,,,,,,,,,,,,,,,,,2,,,,,,1,,,,,,1,,,,,,,,,,,,,,,,,,,,,,,,,,,,,,,,,,,,1,,,,,,1,,,,,,2,,,1,,,1,,,,,,,,,,,,,,,,,,1,,,,,,25,,,54,,,18,,,6,,,,,,1,,,,,,,,,,,,3,,,1,,,1,,,,,,2,,,,,,9,,,2,,,7,,,,,,1,,,1,,,,,,,,,12,,,2,,,9,,,1,,,10,,,6,,,9,,,,,,1,,,,,,,,,,,,,,,,,,61,,,71,,,13,,,,1,,,1,,4,,,,,,1,,,,,,3,,,1,,,1,,,,,,10,,,5,,,5,,,,,,3,,,1,,,5,,,2,,,,,,,,,5,,,,,,,1,,,1,,3,,,3,,,41,,,11,,,45,,,81,,,23,,,3,,,,,,,,,,,,5,,,,,,4,,,,,,9,,,2,,,,,,,,,26,,,21,,,2,,
17345,23053,3023,1,1666,,,7,,,Bodleian-1665-07-recto,,,30,,,January,,,6,,,February,,,,,,,,,5,,,1,,,,,,,,,1,,,,,,,,,,,,,,,,,,,,,,,,2,,,,,,1,,,1,,,,,,,,,,,,,,,2,,,,,,1,,,,,,,,,,,,2,,,,,,,,,,,,,,,,,,,,,,,,,,,,,,,,,,,,1,,,,,,,,,,,,1,,,1,,,1,,,,,,,,,,,,1,,,1,,,1,,,,,,1,,,,,,,,,,,,,,,,,,1,,,,,,1,,,1,,,,,,,,,,,,,,,,,,,,,1,,,,,,,,,,,,1,,,,,,,,,,,,,,,,,,1,,,,,,,,,,,,2,,,1,,,,,,,,,1,,,,,,,,,,,,,,,,,,,,,,,,1,,,1,,,,,,,,,,,,,,,1,,,1,,,,,,,,,1,,,,,,,,,,,,1,,,,,,,,,,,,,,,,,,1,,,1,,,,,,,,,,,,,,,,,,,,,,,,,,,1,,,,,,,,,,,,1,,,,,,1,,,1,,,,,,,,,,,,,,,,,,,,,,,,,,,,,,,,,1,,,,,,1,,,,,,2,,,1,,,1,,,,,,,,,,,,1,,,,,,2,,,,,,,,,,,,,,,,,,,,,,,,,,,,,,,,,,,,2,,,,,,1,,,,,,1,,,,,,,,,,,,1,,,,,,,,,,,,1,,,,,,1,,,,,,,,,,,,,,,,,,,,,,,,,,,,,,,,,,,,32,,,51,,,11,,,8,,,1,,,,,,,,,,,,,,,2,,,,,,,,,,,,1,,,,,,6,,,4,,,5,,,1,,,4,,,,,,1,,,,,,16,,,1,,,6,,,1,,,12,,,5,,,12,,,1,,,1,,,,,,1,,,,,,,,,,,,51,,,75,,,14,,,,1,1,,1,1,7,,,,,,3,,,1,,,5,,,,,,5,,,,,,5,,,5,,,6,,,1,,,5,,,2,,,3,,,2,,,4,,,,,,5,,,,,,,1,1,,1,1,3,,,,,,25,,,15,,,37,,,76,,,26,,,8,,,1,,,2,,,,,,8,,,,,,1,,,,,,10,,,,,,,,,,,,27,,,29,,,1,,
17346,23054,3027,1,1666,,,8,,,Bodleian-1665-08-recto,,,6,,,February,,,13,,,February,,,1,,,1,,,3,,,3,,,,,,,,,1,,,1,,,,,,,,,,,,,,,,,,,,,,,,,,,,,,,,,1,,,,,,,,,,,,,,,,,,1,,,,,,,,,,,,,,,,,,,,,,,,,,,,,,,,,,,,,,,,,,,,,,,,3,,,,,,,,,,,,,,,,,,2,,,,,,,,,,,,,,,,,,,,,,,,3,,,2,,,2,,,1,,,1,,,,,,,,,,,,,,,,,,,,,,,,,,,,,,,,,,,,1,,,,,,1,,,1,,,2,,,1,,,1,,,1,,,,,,,,,,,,,,,1,,,,,,,,,,,,2,,,,,,,,,,,,,,,,,,,,,,,,1,,,,,,,,,,,,,,,,,,,,,,,,,,,,,,1,,,,,,,,,,,,1,,,,,,1,,,,,,,,,,,,,,,,,,,,,,,,,,,,,,1,,,,,,,,,,,,1,,,,,,,,,,,,1,,,,,,1,,,,,,,,,,,,,,,,,,,,,,,,,,,,,,,,,,,,,,,,,,,,,,,,1,,,,,,1,,,,,,,,,,,,2,,,,,,,,,,,,,,,,,,,,,,,,,,,,,,,,,,,,1,,,,,,,,,,,,,,,,,,,,,,,,,,,,,,1,,,,,,1,,,,,,,,,,,,2,,,,,,,,,,,,,,,,,,,,,,,,,,,,,,,,,,,,1,,,,,,35,,,44,,,11,,,10,,,4,,,1,,,,,,,,,,,,10,,,1,,,,,,,,,7,,,,,,8,,,1,,,7,,,1,,,5,,,2,,,1,,,,,,9,,,3,,,11,,,1,,,13,,,5,,,8,,,3,,,1,,,,,,,,,,,,,,,,,,57,,,91,,,21,,,,1,,,1,,4,,,,,,3,,,,,,2,,,,,,2,,,,,,8,,,5,,,6,,,1,,,8,,,1,,,2,,,,,,,,,,,,13,,,4,,,,1,1,,1,1,4,,,1,,,32,,,11,,,46,,,84,,,23,,,5,,,1,,,,,,,,,13,,,2,,,,,,,,,12,,,1,,,,,,,,,35,,,30,,,4,,
17378,23055,3033,1,1666,,,9,,,Bodleian-1665-09-recto,,,13,,,February,,,20,,,February,,,,,,,,,3,,,1,,,1,,,,,,5,,,1,,,,,,,,,4,,,3,,,,,,,,,,,,,,,1,,,,,,2,,,1,,,,,,,,,,,,,,,,,,,,,,,,,,,1,,,,,,,,,,,,1,,,1,,,,,,,,,1,,,,,,,,,,,,,,,,,,1,,,,,,,,,,,,2,,,1,,,,,,,,,1,,,,,,,,,,,,1,,,,,,,,,,,,,,,,,,,,,,,,,,,,,,,,,,,,,,,,,,4,,,,,,1,,,,,,,,,,,,1,,,,,,,,,,,,1,,,,,,,,,,,,,,,,,,1,,,,,,,,,,,,2,,,,,,,,,,,,1,,,,,,,,,,,,1,,,,,,,,,,,,,,,,,,,,,,,,,,,,,,,,,,,,,,,,,,,,,,,,1,,,,,,,,,,,,1,,,1,,,2,,,1,,,,,,,,,,,,,,,,,,,,,,,,,,,,,,,,,,,,,,,1,,,,,,,,,,,,,,,,,,,,,,,,,,,,,,1,,,1,,,1,,,,,,,,,,,,1,,,,,,2,,,1,,,,,,,,,2,,,,,,,,,,,,,,,,,,,,,,,,,,,,,,,,,,,,,,,,,,,,,,,,,,,,,,,,,,,,,,,,,,,,,,,,1,,,,,,1,,,,,,,,,,,,1,,,1,,,,,,,,,,,,,,,,,,,,,1,,,,,,37,,,52,,,13,,,15,,,5,,,1,,,,,,1,,,,,,7,,,,,,,,,,,,2,,,1,,,9,,,4,,,3,,,1,,,2,,,,,,6,,,,,,10,,,2,,,9,,,2,,,16,,,8,,,9,,,1,,,,,,,,,1,,,,,,1,,,1,,,62,,,92,,,25,,,,1,,,1,,8,,,1,,,3,,,1,,,5,,,1,,,2,,,,,,6,,,4,,,4,,,1,,,6,,,4,,,,,,,,,,,,,,,10,,,2,,,,1,,,1,,1,,,1,,,32,,,14,,,48,,,77,,,29,,,10,,,1,,,1,,,,,,15,,,,,,1,,,,,,4,,,1,,,,,,,,,24,,,31,,,2,,
17379,23056,3034,1,1666,,,10,,,Bodleian-1665-10-recto,,,20,,,February,,,27,,,February,,,,,,,,,1,,,,,,,,,,,,1,,,,,,,,,,,,1,,,,,,,,,,,,,,,,,,2,,,,,,1,,,,,,,,,,,,1,,,,,,1,,,,,,,,,,,,,,,,,,,,,,,,,,,,,,,,,,,,2,,,1,,,,,,,,,1,,,,,,,,,,,,,,,,,,2,,,,,,,,,,,,1,,,,,,,,,,,,3,,,2,,,,,,,,,,,,,,,,,,,,,,,,,,,,,,,,,,,,,,,1,,,,,,2,,,,,,,,,,,,2,,,1,,,,,,,,,,,,,,,,,,,,,,,,,,,1,,,,,,,,,,,,,,,,,,,,,,,,,,,,,,,,,,,,,,,,,,,,,,,,,,,,,,2,,,,,,,,,,,,1,,,,,,,,,,,,,,,,,,,,,,,,,,,,,,,,,,,,,,,,,,,,,,,,1,,,,,,,,,,,,,,,,,,,,,,,,,,,,,,2,,,,,,,,,,,,,,,,,,,,,,,,,,,,,,1,,,,,,1,,,,,,1,,,,,,,,,,,,1,,,,,,,,,,,,,,,,,,1,,,,,,,,,,,,2,,,1,,,,,,,,,,,,,,,1,,,,,,2,,,,,,,,,,,,2,,,,,,1,,,,,,,,,,,,,,,,,,,,,,,,,,,,,,2,,,1,,,,,,,,,1,,,,,,,,,,,,1,,,,,,30,,,46,,,6,,,13,,,1,,,,,,,,,,,,,,,3,,,,,,1,,,,,,2,,,1,,,7,,,2,,,10,,,3,,,7,,,2,,,3,,,,,,7,,,1,,,10,,,2,,,8,,,,,,14,,,,,,1,,,,,,1,,,1,,,1,,,,,,56,,,88,,,13,,,,1,,,1,,9,,,2,,,1,,,,,,,1,1,,1,1,4,,1,,,,13,,,7,,,2,,,,,,8,,,4,,,4,,,,,,4,,,,,,2,,,,,,,1,,,1,,3,,,1,,,29,,,8,,,48,,,81,,,22,,,7,,,1,,,1,,,,,,6,,,,,,1,,,,,,7,,,,,,,,,,,,24,,,22,,,1,,
17380,23057,3179,1,1666,,,11,,,Bodleian-1665-11-recto,,,27,,,February,,,6,,,March,,,1,,,,,,1,,,,,,,,,,,,,,,,,,,,,,,,,,,,,,,,,,,,,,,,,,1,,,1,,,2,,,,,,,,,,,,,,,,,,1,,,,,,1,,,,,,1,,,,,,,,,,,,2,,,,,,1,,,,,,1,,,,,,,,,,,,2,,,,,,,,,,,,,,,,,,2,,,,,,,,,,,,1,,,1,,,,,,,,,2,,,,,,,,,,,,1,,,,,,2,,,,,,,,,,,,,,,,,,,,,,,,,,,,,,1,,,,,,,,,,,,,,,,,,,,,,,,,,,,,,,,,,,,2,,,,,,1,,,,,,,,,,,,1,,,,,,1,,,,,,1,,,,,,,,,,,,,,,,,,,,,,,,1,,,,,,,,,,,,2,,,1,,,,,,,,,,,,,,,1,,,,,,,,,,,,,,,,,,,,,,,,1,,,1,,,,,,,,,,,,,,,1,,,,,,,,,,,,,,,,,,,,,,,,2,,,1,,,,,,,,,1,,,,,,,,,,,,,,,,,,1,,,,,,1,,,,,,,,,,,,3,,,1,,,,,,,,,,,,,,,,,,,,,,,,,,,,,,,,,,,,,,,1,,,1,,,2,,,,,,,,,,,,1,,,,,,1,,,,,,,,,,,,,,,,,,,,,,,,,,,,,,,,,,,,1,,,,,,2,,,,,,,,,,,,1,,,,,,1,,,,,,1,,,,,,37,,,54,,,7,,,7,,,,,,1,,,,,,1,,,,,,1,,,,,,1,,,,,,2,,,1,,,12,,,2,,,1,,,,,,2,,,,,,2,,,,,,13,,,1,,,14,,,2,,,7,,,,,,10,,,,,,1,,,,,,1,,,,,,,,,,,,52,,,76,,,6,,,,1,,,1,,14,,,,,,2,,,,,,10,,,1,,,,,,,,,3,,,1,,,5,,,,,,5,,,1,,,3,,,,,,3,,,,,,6,,,,,,,1,,,1,,4,,,2,,,18,,,6,,,49,,,73,,,11,,,5,,,1,,,,,,,,,18,,,1,,,2,,,2,,,10,,,,,,,,,,,,22,,,35,,,4,,
17381,23058,3180,1,1666,,,12,,,Bodleian-1665-12-recto,,,6,,,March,,,13,,,March,,,,,,,,,3,,,,,,,,,,,,1,,,,,,,,,,,,1,,,,,,2,,,1,,,,,,,,,2,,,,,,,,,,,,,,,,,,1,,,,,,,,,,,,,,,,,,,,,,,,,,,,,,1,,,,,,,,,,,,,,,,,,1,,,,,,,,,,,,,,,,,,,,,,,,1,,,,,,,,,,,,,,,,,,,,,,,,2,,,,,,1,,,1,,,1,,,,,,1,,,,,,,,,,,,,,,,,,1,,,,,,1,,,,,,1,,,,,,1,,,,,,,,,,,,,,,,,,,,,,,,2,,,,,,1,,,,,,,,,,,,,,,,,,,,,,,,,,,,,,1,,,,,,,,,,,,2,,,,,,,,,,,,1,,,,,,,,,,,,,,,,,,,,,,,,,,,,,,,,,,,,2,,,1,,,,,,,,,,,,,,,,,,,,,,,,,,,,,,,,,,,,,,,3,,,,,,,,,,,,,,,,,,,,,,,,,,,,,,1,,,,,,,,,,,,,,,,,,,,,,,,,,,,,,1,,,,,,,,,,,,1,,,,,,,,,,,,,,,,,,,,,,,,,,,,,,1,,,,,,,,,,,,,,,,,,,,,,,,2,,,,,,1,,,,,,,,,,,,,,,,,,,,,,,,,,,,,,1,,,,,,,,,,,,2,,,,,,2,,,,,,1,,,,,,,,,,,,1,,,,,,41,,,48,,,3,,,9,,,1,,,,,,,,,1,,,,,,5,,,,,,,,,,,,3,,,,,,13,,,4,,,4,,,,,,4,,,,,,4,,,1,,,9,,,1,,,4,,,,,,4,,,2,,,4,,,,,,1,,,,,,,,,,,,,,,,,,57,,,65,,,9,,,,1,,,1,,4,,,1,,,,,,,,,3,,,1,,,1,,,,,,8,,,1,,,8,,,,,,8,,,1,,,3,,,1,,,1,,,,,,10,,,5,,,,1,,,1,,2,,,,,,17,,,4,,,48,,,65,,,14,,,2,,,,,,4,,,,,,12,,,2,,,2,,,,,,9,,,1,,,,,,,,,29,,,29,,,3,,
17382,23059,3181,1,1666,,,13,,,Bodleian-1665-13-recto,,,13,,,March,,,20,,,March,,,1,,,,,,2,,,,,,1,,,,,,1,,,,,,,,,,,,,,,,,,,,,,,,,,,,,,1,,,,,,3,,,,,,,,,,,,,,,,,,1,,,,,,1,,,,,,2,,,,,,1,,,,,,1,,,,,,,,,,,,,,,,,,1,,,,,,,,,,,,,,,,,,,,,,,,1,,,,,,,,,,,,,,,,,,,,,,,,1,,,,,,,,,,,,1,,,,,,,,,,,,1,,,,,,,,,,,,,,,,,,1,,,,,,,,,,,,2,,,,,,1,,,,,,,,,,,,,,,,,,,,,,,,1,,,,,,,,,,,,,,,,,,,,,,,,,,,,,,,,,,,,,,,,,,,,,,,,1,,,,,,,,,,,,,,,,,,,,,,,,1,,,,,,,,,,,,,,,,,,,,,,,,,,,,,,,,,,,,1,,,1,,,1,,,,,,,,,,,,,,,,,,,,,,,,,,,,,,1,,,,,,1,,,,,,,,,,,,,,,,,,,,,,,,,,,,,,,,,,,,3,,,,,,2,,,,,,,,,,,,,,,,,,,,,,,,,,,,,,,,,,,,1,,,,,,,,,,,,,,,,,,,,,,,,,,,,,,2,,,,,,,,,,,,,,,,,,,,,,,,1,,,,,,,,,,,,1,,,,,,,,,,,,2,,,,,,,,,,,,,,,,,,,,,,,,,,,,,,45,,,43,,,1,,,9,,,1,,,,,,,,,,,,,,,13,,,1,,,1,,,,,,4,,,,,,11,,,6,,,7,,,,,,3,,,,,,2,,,,,,11,,,,,,11,,,3,,,10,,,1,,,13,,,1,,,,,,,,,,,,,,,,,,,,,60,,,95,,,13,,,,1,,,1,,6,,,,,,4,,,2,,,1,,,,,,3,,,1,,,4,,,4,,,9,,,,,,4,,,1,,,,,,,,,1,,,,,,4,,,,,,,1,,,1,,2,,,1,,,29,,,5,,,51,,,67,,,14,,,6,,,1,,,2,,,,,,11,,,2,,,4,,,1,,,5,,,1,,,,,,,,,42,,,28,,,5,,
17383,23060,3182,1,1666,,,25,,,Bodleian-1666-25-recto,,,5,,,June,,,12,,,June,,,,,,,,,2,,,,,,,,,,,,,,,,,,,,,,,,,,,,,,,,,,,,,,,,,,3,,,,,,3,,,1,,,1,,,1,,,,,,,,,2,,,,,,,,,,,,1,,,1,,,1,,,,,,,,,,,,,,,,,,,,,,,,,,,,,,1,,,,,,,,,,,,,,,,,,,,,,,,,,,,,,,,,,,,,,,,,,1,,,1,,,,,,,,,,,,,,,,,,,,,,,,,,,,,,,,,,,,,,,,,,,,,,,,,,,,,,,,,1,,,,,,1,,,,,,1,,,,,,,,,,,,,,,,,,,,,,,,1,,,,,,,,,,,,,,,,,,,,,,,,2,,,,,,1,,,,,,,,,,,,,,,,,,1,,,,,,,,,,,,1,,,,,,,,,,,,,,,,,,,,,,,,,,,,,,,,,,,,,,,,,,,,,,,,,,,,,,,,,,,,,,,,,,,,,,,,,,,,,,,,,,,,,,,,,,,,,,,,,,,,,,,,,,,,,,,,,,1,,,,,,1,,,,,,1,,,,,,,,,,,,,,,,,,,,,,,,,,,,,,,,,,,,,,,,,,,,,,,,1,,,,,,,,,,,,,,,,,,,,,,,,1,,,,,,,,,,,,,,,,,,,,,,,,,,,,,,1,,,,,,4,,,,,,1,,,,,,,,,,,,4,,,3,,,,,,,,,32,,,39,,,7,,,12,,,,,,1,,,,,,,,,,,,4,,,,,,,,,,,,1,,,,,,6,,,3,,,8,,,2,,,2,,,,,,1,,,,,,10,,,,,,10,,,,,,8,,,,,,4,,,,,,,,,,,,,,,,,,,,,,,,44,,,67,,,5,,,,1,,,1,,5,,,,,,2,,,,,,4,,,,,,5,,,1,,,13,,,9,,,,,,,,,5,,,2,,,1,,,,,,3,,,1,,,10,,,,,,,1,,,1,,4,,,1,,,20,,,2,,,33,,,72,,,16,,,3,,,,,,,,,,,,6,,,2,,,,,,,,,10,,,1,,,,,,,,,18,,,19,,,3,,